"","PdbID","InterfaceID","physio","sym","SurfaceArea"
"1","1ibd_1",NA,1,"C2",1537.09001100063
"2","1bww_1",NA,1,"C2",1407.66000116244
"3","4jz2_1",NA,1,"C2",1721.57000720501
"4","4re8_3",NA,1,"C2",1131.61001008749
"5","1nfs_1",NA,1,"C2",1652.14001029916
"6","1to4_1",NA,1,"C2",1253.04999239556
"7","2pl1_1",NA,1,"C2",2055.08000965416
"8","3pyi_1",NA,1,"C2",1456.09999865294
"9","4mdh_1",NA,1,"C2",3267.61001092941
"10","3oco_1",NA,1,"C2",2084.87998265028
"11","2w0l_2",NA,1,"C2",1084.03999876976
"12","2ywa_1",NA,1,"C2",2257.54998458177
"13","3f8h_1",NA,1,"C2",2652.96999797225
"14","3teq_3",NA,1,"C2",1792.55000662804
"15","3teq_1",NA,1,"C3",1754.90999870375
"16","1qq7_1",NA,1,"C2",4293.10999110341
"17","3gff_1",NA,1,"C2",1622.61000545695
"18","2v3t_1",NA,1,"C2",2049.54999722913
"19","1wn2_1",NA,1,"C2",1961.20999906212
"20","5eo6_1",NA,1,"C2",2761.63998551667
"21","3hyq_2",NA,1,"C2",1454.83999425173
"22","1z9p_1",NA,1,"C2",1555.03999798
"23","1t0i_1",NA,1,"C2",2652.39998777211
"24","3bwv_1",NA,1,"C2",1796.66001218557
"25","2tpt_1",NA,1,"C2",1625.89998912811
"26","3uro_2",NA,1,"C2",1269.99002145231
"27","3wpw_1",NA,1,"C2",1997.93000570685
"28","3n77_3",NA,1,"C2",1713.49997861497
"29","1v2z_1",NA,1,"C2",1718.58997690678
"30","4o1r_2",NA,1,"C2",1113.41999769211
"31","1i74_1",NA,1,"C2",1578.10000443459
"32","1q7s_3",NA,1,"C2",2066.8800110314
"33","4rfp_1",NA,1,"C2",1585.93998143077
"34","4xas_1",NA,1,"C2",1268.50000321493
"35","3rtl_6",NA,1,"C2",770.700007557869
"36","1psq_1",NA,1,"C2",1750.72000199556
"37","2r8q_1",NA,1,"C2",1615.09999441542
"38","2hjd_1",NA,1,"C2",2042.47999048233
"39","2cx4_1",NA,1,"C2",1997.15999537706
"40","2d13_2",NA,1,"C2",1759.09000199288
"41","3wud_1",NA,1,"C2",1129.95999336243
"42","1ixq_2",NA,1,"C2",2111.94000985101
"43","1slb_2",NA,1,"C2",1110.46000833809
"44","2r7h_1",NA,1,"C2",1535.83999634534
"45","3kg7_2",NA,1,"C2",1234.80999422073
"46","3ljs_1",NA,1,"C2",1617.97000296414
"47","4o1w_1",NA,1,"C2",1437.68000620604
"48","2aca_1",NA,1,"C2",1612.13999903202
"49","4a7p_1",NA,1,"C2",4976.3900359422
"50","2qlx_2",NA,1,"C2",2965.27001239732
"51","3rbg_2",NA,1,"C2",1449.41998910904
"52","2nvn_1",NA,1,"C2",1974.94998024404
"53","1y7y_1",NA,1,"C2",1419.65000322275
"54","2cc3_1",NA,1,"C2",1690.76999300718
"55","3c8j_1",NA,1,"C2",1558.70999947004
"56","4gmk_1",NA,1,"C2",2244.91999441385
"57","3lyn_1",NA,1,"C2",1819.17000025138
"58","3c5q_1",NA,1,"C2",7034.81996881962
"59","2zvz_1",NA,1,"C2",2106.34999477863
"60","1z72_1",NA,1,"C2",1829.13000410795
"61","1s9c_6",NA,1,"C2",2117.370010674
"62","3woi_1",NA,1,"C2",934.019994013011
"63","1sfl_1",NA,1,"C2",1893.16000494361
"64","1ail_1",NA,1,"C2",2039.57001042366
"65","2ew2_1",NA,1,"C2",1869.18000476062
"66","2oai_1",NA,1,"C2",1316.69998710975
"67","3eul_6",NA,1,"C2",1424.61999186873
"68","1np6_1",NA,1,"C2",4804.78998899087
"69","1m2a_1",NA,1,"C2",1024.51000120863
"70","3hx8_2",NA,1,"C2",2243.98999381065
"71","2oik_2",NA,1,"C2",2577.01000667363
"72","2e46_1",NA,1,"C2",2351.93999540806
"73","3l18_1",NA,1,"C2",1776.67000341415
"74","2jfp_1",NA,1,"C2",1613.81000697613
"75","4o9k_1",NA,1,"C2",2352.01000976562
"76","2yxz_2",NA,1,"C2",4982.78999617137
"77","3hh7_1",NA,1,"C2",1165.06999778748
"78","1m08_1",NA,1,"C2",1076.71999778226
"79","2iy2_1",NA,1,"C2",1829.12998895347
"80","1zsz_1",NA,1,"C2",1065.88000111282
"81","3clk_1",NA,1,"C2",2000.77000136673
"82","1oya_1",NA,1,"C2",1444.14000290632
"83","1wwp_1",NA,1,"C2",1689.91999012232
"84","1xi3_1",NA,1,"C2",1643.41999793053
"85","3tzu_1",NA,1,"C2",1247.96000231802
"86","1cp2_1",NA,1,"C2",1903.61999791861
"87","2gpc_1",NA,1,"C2",1744.22000315785
"88","1fvp_1",NA,1,"C2",2886.89998142421
"89","4wov_3",NA,1,"C2",877.380006715655
"90","2ogi_1",NA,1,"C2",1109.63999199867
"91","2wfc_1",NA,1,"C2",1342.39999860525
"92","4kv9_1",NA,1,"C2",1894.82001120597
"93","3r8c_1",NA,1,"C2",1338.40000128746
"94","3lhr_1",NA,1,"C2",3311.38996452466
"95","5cjj_1",NA,1,"C2",1152.47000721842
"96","1j8b_1",NA,1,"C2",1495.880012393
"97","3crj_1",NA,1,"C2",2965.59002100304
"98","3dvi_1",NA,1,"C2",1352.64000749588
"99","1tvd_1",NA,1,"C2",1620.26000592485
"100","3pc7_1",NA,1,"C2",1434.55998173356
"101","3cwc_1",NA,1,"C2",1652.76000976562
"102","4g2e_1",NA,1,"C2",1899.02999949455
"103","4exo_1",NA,1,"C2",995.929990172386
"104","3kcn_1",NA,1,"C2",1162.69998753071
"105","4guz_5",NA,1,"C2",1846.30000100285
"106","3g7p_1",NA,1,"C2",1295.63999462128
"107","2qrr_1",NA,1,"C2",1782.36999399401
"108","3mq4_1",NA,1,"C2",1543.93000287376
"109","2fhq_1",NA,1,"C2",2013.01000781357
"110","3w64_1",NA,1,"C3",779.279998838902
"111","3c9g_1",NA,1,"C2",1148.50998933613
"112","1eeq_1",NA,1,"C2",1372.96999585442
"113","4xws_2",NA,1,"C2",2102.75997716188
"114","2hk3_1",NA,1,"C2",2198.25000116229
"115","3hj6_1",NA,1,"C2",2066.54002022743
"116","1r5q_2",NA,1,"C2",1967.84002119303
"117","2p5u_1",NA,1,"C2",2352.72998912632
"118","1uat_2",NA,1,"C2",1168.24999904633
"119","4d9o_1",NA,1,"C2",2156.24000003561
"120","4ppy_1",NA,1,"C2",2012.72000316717
"121","3eus_1",NA,1,"C2",1774.15999928117
"122","2a4a_3",NA,1,"C2",2026.03000762872
"123","1ns5_1",NA,1,"C2",2212.17001182586
"124","1rcw_2",NA,1,"C2",1752.96999692917
"125","4q7e_1",NA,1,"C2",1662.47000189126
"126","4j9a_11",NA,1,"C2",1245.44000194967
"127","4ljk_2",NA,1,"C2",1583.04998257756
"128","4jdl_2",NA,1,"C2",1256.1999874115
"129","2eav_1",NA,1,"C2",1380.72999573685
"130","2vrn_1",NA,1,"C2",2016.37001613341
"131","1xuq_1",NA,1,"C2",1715.40000101924
"132","1ktn_1",NA,1,"C2",1185.11000503041
"133","2q4n_1",NA,1,"C2",1859.88000018895
"134","1v2a_1",NA,1,"C2",2616.19999170303
"135","4lza_1",NA,1,"C2",3190.3599791415
"136","3b4u_1",NA,1,"C2",3200.58000797033
"137","3cwn_2",NA,1,"C2",1460.11999902502
"138","2dsj_1",NA,1,"C2",1733.79999925196
"139","3knz_3",NA,1,"C2",3264.27997647226
"140","3m45_2",NA,1,"C2",1394.92999518849
"141","1nvt_1",NA,1,"C2",2715.83998990059
"142","1kez_1",NA,1,"C2",1764.04998528957
"143","3rjs_1",NA,1,"C2",1973.95998477936
"144","4yxf_1",NA,1,"C2",3104.09999833815
"145","2xj3_1",NA,1,"C2",1616.62999018282
"146","2h8k_1",NA,1,"C2",651.879998385906
"147","5c6m_2",NA,1,"C2",1176.58999525756
"148","3qm2_1",NA,1,"C2",1801.18999385834
"149","2hng_1",NA,1,"C2",1534.29998779297
"150","3ift_2",NA,1,"C2",1831.48001086712
"151","1qvw_1",NA,1,"C2",1099.5399967283
"152","1yem_1",NA,1,"C2",1792.74000190198
"153","3g0k_1",NA,1,"C2",2659.27001511306
"154","2ppv_1",NA,1,"C2",1946.5999891758
"155","3dex_1",NA,1,"C2",1652.43999993801
"156","1qmj_1",NA,1,"C2",1144.79999899864
"157","1dp4_1",NA,1,"C2",1098.28001278639
"158","1dp4_2",NA,1,"C2",1086.47999954224
"159","1u20_1",NA,1,"C2",2715.51999720931
"160","4dj2_1",NA,1,"C2",1764.28000235558
"161","4mhr_2",NA,1,"C2",2080.49998295307
"162","2oqt_5",NA,1,"C2",1769.99999308586
"163","3l6b_1",NA,1,"C2",1715.64003181458
"164","4nxf_1",NA,1,"C2",1400.9799988009
"165","4oie_1",NA,1,"C2",1421.55998682976
"166","3hjp_1",NA,1,"C2",1677.17000900209
"167","4nvr_1",NA,1,"C2",1860.60000541806
"168","3lpm_1",NA,1,"C2",1630.61000573635
"169","1nzi_1",NA,1,"C2",2133.64999753609
"170","2ze3_1",NA,1,"C2",5482.70004662126
"171","2f96_1",NA,1,"C2",2423.94000148773
"172","2o9a_1",NA,1,"C2",1361.10000142455
"173","4u04_1",NA,1,"C2",1775.56001269817
"174","2ovg_3",NA,1,"C2",1303.78999581933
"175","3l0z_5",NA,1,"C2",1877.25998817384
"176","3ppe_1",NA,1,"C2",2161.13999995589
"177","3uf5_1",NA,1,"C2",1648.4199850522
"178","3d7a_1",NA,1,"C2",1228.8099963665
"179","3r03_1",NA,1,"C2",1484.31000328064
"180","4oky_1",NA,1,"C2",1633.52001184225
"181","2e1d_1",NA,1,"C2",1735.78999937326
"182","3pm7_1",NA,1,"C2",1947.31000614166
"183","2oo2_1",NA,1,"C2",1976.54001235962
"184","2idl_1",NA,1,"C2",1789.09999524802
"185","4hwx_1",NA,1,"C2",1621.45999908447
"186","4o7v_1",NA,1,"C2",2353.18999928236
"187","4ese_1",NA,1,"C2",2352.23999573663
"188","1ujn_1",NA,1,"C2",1972.55000300705
"189","2q30_4",NA,1,"C2",2557.9899892807
"190","2pwj_2",NA,1,"C2",1676.41000674665
"191","5eq9_1",NA,1,"C2",2615.44999563694
"192","1fe0_1",NA,1,"C2",972.059996813536
"193","3tqj_1",NA,1,"C2",1903.82999448478
"194","4pob_1",NA,1,"C2",1137.01999738626
"195","3hzu_1",NA,1,"C2",2331.22001412511
"196","3lrq_1",NA,1,"C3",1941.07000288367
"197","3lrq_2",NA,1,"C2",1896.36998179555
"198","2ikk_1",NA,1,"C2",1697.24000224471
"199","2nx9_1",NA,1,"C2",3190.27002437413
"200","1a3a_1",NA,1,"C2",1844.08999954164
"201","3hqx_1",NA,1,"C2",2321.78000283241
"202","3l5z_1",NA,1,"C2",1988.52000015974
"203","4ttw_1",NA,1,"C2",1259.1099973619
"204","3dvf_1",NA,1,"C2",1367.91999721527
"205","2qsq_1",NA,1,"C2",1464.24999523163
"206","3r8e_1",NA,1,"C2",2965.26001234353
"207","3obh_1",NA,1,"C2",1641.10999971628
"208","2yvu_1",NA,1,"C2",2158.02997949719
"209","3o9s_1",NA,1,"C2",899.190006647259
"210","3trc_1",NA,1,"C2",1958.02999418601
"211","1fse_3",NA,1,"C2",982.279985904694
"212","2ebb_1",NA,1,"C2",1450.48998525739
"213","2f6s_1",NA,1,"C2",1849.11998851597
"214","3ajz_1",NA,1,"C2",1140.31999981403
"215","4q97_1",NA,1,"C2",1969.97999703884
"216","2dwu_1",NA,1,"C2",2777.88000356779
"217","3zrd_1",NA,1,"C2",1345.99999825656
"218","4zrn_1",NA,1,"C2",2574.11999455094
"219","3q64_1",NA,1,"C2",2154.56998556852
"220","4rz0_1",NA,1,"C2",1774.62998849154
"221","2x6g_7",NA,1,"C2",1442.87000513077
"222","1is3_1",NA,1,"C2",1493.21001183987
"223","2snw_1",NA,1,"C2",758.240005016327
"224","2ewt_1",NA,1,"C2",1111.18999743462
"225","2vpk_1",NA,1,"C2",2651.51000356674
"226","3v6n_1",NA,1,"C2",1331.65000419691
"227","3rt2_2",NA,1,"C2",1975.28997898102
"228","1hux_1",NA,1,"C2",1038.27998446673
"229","2itf_5",NA,1,"C2",832.510003060102
"230","1qya_1",NA,1,"C2",2086.70998943597
"231","3kza_1",NA,1,"C2",842.999998390675
"232","4dvh_1",NA,1,"C2",1887.05001405627
"233","2e2c_1",NA,1,"C2",1178.36000704765
"234","4hf7_1",NA,1,"C2",1596.11997641996
"235","3chi_1",NA,1,"C2",2104.22999810427
"236","4zwv_1",NA,1,"C2",4805.52000530064
"237","3bjr_1",NA,1,"C2",1902.15000778809
"238","1udv_1",NA,1,"C2",1231.88999913633
"239","4muo_1",NA,1,"C2",2257.60000036657
"240","1kut_1",NA,1,"C2",1814.28998688236
"241","3pc6_1",NA,1,"C2",1209.34000616148
"242","2gsl_3",NA,1,"C2",2036.35998490453
"243","2pls_5",NA,1,"C2",804.899996042252
"244","2bho_1",NA,1,"C2",2170.6500184983
"245","2omk_1",NA,1,"C2",2714.710000135
"246","2rc3_2",NA,1,"C2",2558.93999195099
"247","2z7c_2",NA,1,"C2",1420.37999133766
"248","4ckl_2",NA,1,"C2",2190.2599979043
"249","1vh0_8",NA,1,"C2",2478.40999215841
"250","4fbi_1",NA,1,"C2",1902.83002138138
"251","1ukg_1",NA,1,"C2",1503.59999465942
"252","4dj3_1",NA,1,"C2",1580.32999107242
"253","3bs3_1",NA,1,"C2",664.320009350777
"254","1dvr_1",NA,1,"C2",2449.39000307955
"255","3do5_1",NA,1,"C2",3199.42996573448
"256","2a8f_1",NA,1,"C2",1043.80999580026
"257","3cnk_1",NA,1,"C2",1966.97998404503
"258","3d8u_1",NA,1,"C2",2330.30001125485
"259","3r0n_1",NA,1,"C2",1797.83999928832
"260","3pl2_2",NA,1,"C2",2086.25001046807
"261","1mft_1",NA,1,"C2",2253.24000988156
"262","3da8_1",NA,1,"C2",1826.85999779031
"263","4dkc_1",NA,1,"C2",1316.20999145508
"264","1xty_2",NA,1,"C2",1777.11000101641
"265","1gam_1",NA,1,"C2",1280.83999418467
"266","3fb3_1",NA,1,"C2",5483.51998774335
"267","2z00_2",NA,1,"C2",2136.93998987973
"268","3c6b_1",NA,1,"C2",1784.30999529362
"269","4fdb_1",NA,1,"C2",2573.65997475386
"270","4fr2_1",NA,1,"C2",2648.9899989292
"271","3ppl_1",NA,1,"C2",4813.13001667894
"272","4tmb_2",NA,1,"C2",1630.65000641346
"273","1ha4_1",NA,1,"C2",1126.27000558376
"274","2bm5_1",NA,1,"C2",1663.63000563532
"275","4x0r_1",NA,1,"C2",2062.94000986218
"276","3igd_1",NA,1,"C2",1487.98000365496
"277","3h2d_1",NA,1,"C2",2019.03999003768
"278","2r3v_6",NA,1,"C2",1891.2999958992
"279","2dpf_1",NA,1,"C2",2529.76000769995
"280","2q24_2",NA,1,"C2",1680.26000255346
"281","3f9s_1",NA,1,"C2",1880.79000394791
"282","4j2p_1",NA,1,"C2",3199.82002663612
"283","2f00_1",NA,1,"C2",2330.94000908732
"284","2dc4_1",NA,1,"C2",1708.16999959946
"285","3bl8_1",NA,1,"C2",1637.00999540091
"286","4nuq_1",NA,1,"C2",1643.7899940908
"287","3hhv_1",NA,1,"C2",1516.9900124073
"288","2imz_1",NA,1,"C2",1499.12000324205
"289","3oet_2",NA,1,"C2",2244.58999821544
"290","3dh1_1",NA,1,"C2",2219.51998519897
"291","1jhe_1",NA,1,"C2",1388.15000393987
"292","2h9u_1",NA,1,"C2",1483.41998195648
"293","3lza_1",NA,1,"C2",1490.51999843121
"294","3zpg_1",NA,1,"C2",3966.1599753499
"295","1cdt_1",NA,1,"C2",940.170005807653
"296","1zzh_2",NA,1,"C2",2477.98998165131
"297","1erv_1",NA,1,"C2",1030.23999631405
"298","4kgb_1",NA,1,"C2",4293.75002518296
"299","2gff_1",NA,1,"C2",2076.02999684215
"300","3ter_1",NA,1,"C2",1868.3499828577
"301","3ksh_1",NA,1,"C2",1910.65001275018
"302","1mqd_4",NA,1,"C2",1776.07998681068
"303","1ysj_1",NA,1,"C2",2141.90999695659
"304","1d5w_2",NA,1,"C2",877.080009996891
"305","3dih_2",NA,1,"C2",1589.14000415802
"306","1xvq_2",NA,1,"C2",1264.7799834013
"307","3orr_1",NA,1,"C2",3270.19998504035
"308","2q5c_3",NA,1,"C2",1203.24000234157
"309","1o6d_2",NA,1,"C2",2324.17997141182
"310","2cw2_1",NA,1,"C2",1864.4200039804
"311","2zu1_3",NA,1,"C2",1598.76999607682
"312","4e04_1",NA,1,"C2",2888.65999992378
"313","2gwh_1",NA,1,"C2",757.599991798401
"314","4qxw_1",NA,1,"C2",1646.29001023248
"315","3n3m_1",NA,1,"C2",4804.00002089888
"316","3vx3_1",NA,1,"C2",2423.63999024779
"317","1uou_1",NA,1,"C2",1698.73998844624
"318","1yad_2",NA,1,"C2",1553.58998577297
"319","1prx_1",NA,1,"C2",4980.33999560401
"320","3lp9_1",NA,1,"C2",1283.13999201357
"321","1ewj_2",NA,1,"C2",2558.48998221941
"322","4ina_1",NA,1,"C2",1791.77999210171
"323","3ctz_1",NA,1,"C2",3106.03000658751
"324","3jth_1",NA,1,"C2",2159.99000813439
"325","2hku_1",NA,1,"C2",2966.94998627901
"326","3rpc_2",NA,1,"C2",1836.76000992395
"327","2pij_1",NA,1,"C2",1134.88000655174
"328","4nsv_1",NA,1,"C2",865.980006664991
"329","2yy9_1",NA,1,"C2",1944.53000549227
"330","2wui_1",NA,1,"C2",2577.68999635801
"331","3vnf_2",NA,1,"C2",1811.05001275241
"332","2rcv_2",NA,1,"C2",1709.04998820834
"333","3dm8_1",NA,1,"C2",1816.26000485569
"334","3nfc_1",NA,1,"C2",1487.56001734734
"335","1ov4_1",NA,1,"C2",728.939994812012
"336","2j98_1",NA,1,"C2",1279.73001694679
"337","2c9s_1",NA,1,"C2",1368.32999613881
"338","3lfi_1",NA,1,"C2",1852.07001437619
"339","3lxy_1",NA,1,"C2",2886.7500089407
"340","3lag_1",NA,1,"C2",1463.79000329971
"341","3smd_2",NA,1,"C2",2040.54001426697
"342","4omv_1",NA,1,"C2",1786.27000841498
"343","4ckm_2",NA,1,"C2",1765.58999335766
"344","3dka_1",NA,1,"C2",1878.25999957323
"345","4chl_1",NA,1,"C2",1647.94999899343
"346","3ltv_1",NA,1,"C2",1306.21000520885
"347","2dou_1",NA,1,"C2",3264.36999772303
"348","3f4k_1",NA,1,"C2",1658.14001083374
"349","3qyj_3",NA,1,"C2",2153.48000431061
"350","2cw3_1",NA,1,"C2",1809.84997917712
"351","2ovi_2",NA,1,"C2",1914.70999465883
"352","3i83_1",NA,1,"C2",2073.08999937773
"353","1obb_1",NA,1,"C2",2775.34999930859
"354","4eht_1",NA,1,"C2",996.199996598065
"355","1ac6_1",NA,1,"C2",1188.94999298453
"356","2zzt_1",NA,1,"C2",895.830006837845
"357","1ks2_1",NA,1,"C2",1926.15000107884
"358","4qf2_1",NA,1,"C2",1442.92000514269
"359","3rob_1",NA,1,"C2",1738.99000249803
"360","4a56_1",NA,1,"C2",1188.21998649463
"361","1usm_1",NA,1,"C2",1362.35997748375
"362","1xwb_5",NA,1,"C2",1229.70000743866
"363","1vqu_1",NA,1,"C2",1843.38998937607
"364","1rpa_1",NA,1,"C2",2761.22001232579
"365","1qto_1",NA,1,"C2",3104.28002557158
"366","3sno_1",NA,1,"C2",1557.43998765945
"367","2nwv_1",NA,1,"C2",1903.21001507714
"368","2ctx_1",NA,1,"C2",1053.80000638962
"369","4xvv_1",NA,1,"C2",2137.36999724619
"370","1kie_1",NA,1,"C2",1845.74000664055
"371","1yae_9",NA,1,"C2",2577.43001532555
"372","2zhg_1",NA,1,"C2",7196.27997912839
"373","3tr2_1",NA,1,"C2",3310.69997929037
"374","1qkd_1",NA,1,"C2",580.340008616447
"375","3dui_1",NA,1,"C2",1268.4399985522
"376","1fp5_1",NA,1,"C2",1950.74001091719
"377","3by8_2",NA,1,"C2",1766.80999433994
"378","4eru_1",NA,1,"C2",2614.31999457628
"379","2jlp_3",NA,1,"C2",1315.25000047684
"380","3e8s_1",NA,1,"C2",1310.05999934673
"381","1my6_1",NA,1,"C2",1765.93999931216
"382","4e86_14",NA,1,"C2",820.540001869202
"383","3aw8_1",NA,1,"C2",2470.68998826295
"384","4kcx_1",NA,1,"C2",1289.50000020862
"385","3fdg_1",NA,1,"C2",1650.39000765234
"386","1vez_2",NA,1,"C2",1538.41998916864
"387","4aj7_1",NA,1,"C2",1214.86000180244
"388","4l7e_1",NA,1,"C2",4296.42998749763
"389","4qbo_1",NA,1,"C2",1833.66001243889
"390","4bkm_1",NA,1,"C2",3254.1700142324
"391","4exq_2",NA,1,"C2",2070.79001045227
"392","1aoh_1",NA,1,"C2",1215.8199981451
"393","2zw2_1",NA,1,"C2",3189.04998147488
"394","3cyv_1",NA,1,"C2",2105.25999847054
"395","3sdp_1",NA,1,"C2",1851.37999421358
"396","3msq_6",NA,1,"C2",2257.64999695122
"397","1xsv_1",NA,1,"C2",2125.69001985155
"398","3hru_1",NA,1,"C2",1504.30000536144
"399","1tmk_1",NA,1,"C2",1674.92999423668
"400","1e85_1",NA,1,"C2",1074.55000495911
"401","2qc7_2",NA,1,"C2",2004.6200004667
"402","3nur_2",NA,1,"C2",4981.45999836922
"403","1r7j_1",NA,1,"C2",2042.02000537515
"404","2imn_1",NA,1,"C2",1230.49999570847
"405","3k86_1",NA,1,"C2",5495.48999765515
"406","3dyd_1",NA,1,"C2",4805.3799681887
"407","2z6f_1",NA,1,"C2",597.760001540184
"408","3eoq_1",NA,1,"C2",1906.6400039196
"409","4lir_1",NA,1,"C2",1039.59999923781
"410","2eo0_1",NA,1,"C2",1497.55999706127
"411","3pr8_1",NA,1,"C2",3311.520002909
"412","4flb_1",NA,1,"C2",1624.63998568058
"413","4whj_1",NA,1,"C2",2030.21000539511
"414","1f1c_1",NA,1,"C2",1311.03999806195
"415","1u4m_1",NA,1,"C2",1508.00000553951
"416","4dyw_3",NA,1,"C2",2119.86000958458
"417","3svk_1",NA,1,"C2",2129.96000120044
"418","4lmf_6",NA,1,"C2",1928.22000047006
"419","5cro_1",NA,1,"C2",1294.14998176508
"420","2bdq_1",NA,1,"C2",2102.36001104116
"421","1okj_1",NA,1,"C2",2002.36999949813
"422","3bxh_1",NA,1,"C2",1210.20000343025
"423","3qq6_1",NA,1,"C2",1139.27999787405
"424","2pju_1",NA,1,"C2",1722.63999462128
"425","3lwb_1",NA,1,"C2",1723.47999798506
"426","3jv9_1",NA,1,"C2",2043.18000814319
"427","4ic3_1",NA,1,"C3",1827.49999505281
"428","5dqw_1",NA,1,"C2",2323.86001740396
"429","3hna_3",NA,1,"C2",5496.84001378715
"430","3htv_1",NA,1,"C2",1989.48000076413
"431","3ooo_1",NA,1,"C2",850.540001511574
"432","3u7i_2",NA,1,"C2",2478.86999924108
"433","3efb_1",NA,1,"C2",1622.59998387098
"434","3k6k_2",NA,1,"C2",1812.9999916181
"435","4je1_1",NA,1,"C2",1484.14000840485
"436","1zbr_1",NA,1,"C2",1232.63997817785
"437","1b0w_1",NA,1,"C2",1427.72001218796
"438","3ego_1",NA,1,"C2",1587.07999783754
"439","4pbe_1",NA,1,"C2",2887.73999255709
"440","3nj2_1",NA,1,"C2",1510.00000560284
"441","4yet_1",NA,1,"C2",1812.38999757171
"442","3hf7_2",NA,1,"C2",1246.25998830795
"443","1ii2_1",NA,1,"C2",1153.30999773741
"444","2hzb_1",NA,1,"C2",2079.20000777394
"445","1zp7_1",NA,1,"C2",2181.07998892665
"446","2wcu_1",NA,1,"C2",1753.23000964522
"447","2gz6_1",NA,1,"C2",702.170004427433
"448","3m5b_1",NA,1,"C2",1672.49999046326
"449","1gyo_1",NA,1,"C2",1294.24999547005
"450","3esf_1",NA,1,"C2",1783.83999113739
"451","4emb_2",NA,1,"C2",1202.67001006007
"452","1o64_1",NA,1,"C2",2156.2099827975
"453","3l9e_2",NA,1,"C2",1517.36000218242
"454","2ob5_1",NA,1,"C2",2097.45999714732
"455","3lf7_2",NA,1,"C2",1849.7000028491
"456","4fn9_1",NA,1,"C2",828.99999332428
"457","3kkc_1",NA,1,"C2",1751.90000247955
"458","2j80_1",NA,1,"C2",1506.43999423087
"459","4trt_1",NA,1,"C2",2174.96000812203
"460","2i45_4",NA,1,"C2",1967.96000665426
"461","1iqc_1",NA,1,"C2",3969.26000759006
"462","2ycj_1",NA,1,"C2",3267.44001954794
"463","1fzv_1",NA,1,"C2",2647.70999836922
"464","4qin_1",NA,1,"C2",2576.78001087904
"465","3dqp_1",NA,1,"C2",1564.48999750614
"466","1zlj_1",NA,1,"C2",1016.990008533
"467","3u5v_1",NA,1,"C2",2330.6999925077
"468","3nzr_2",NA,1,"C2",1718.33999256045
"469","3lhk_2",NA,1,"C2",3200.06001436524
"470","1iiw_1",NA,1,"C2",2110.10000312328
"471","1qxh_1",NA,1,"C2",1416.25000359118
"472","3fbu_1",NA,1,"C2",1534.94000577927
"473","1rkr_5",NA,1,"C2",894.779997766018
"474","4i5q_1",NA,1,"C2",1884.9000023827
"475","1bgf_1",NA,1,"C2",2067.86000405252
"476","2ov8_1",NA,1,"C2",1264.01001214981
"477","3rri_2",NA,1,"C2",4814.92000229284
"478","2xt2_1",NA,1,"C2",1812.70998721197
"479","3kg6_2",NA,1,"C2",1224.49999535084
"480","1iug_1",NA,1,"C2",3263.92999885231
"481","2i5p_1",NA,1,"C2",3270.26999763399
"482","2fco_1",NA,1,"C2",1958.84000295401
"483","4g8t_2",NA,1,"C2",2471.67999130487
"484","2b7l_1",NA,1,"C2",1441.40999692678
"485","3pu7_1",NA,1,"C2",1335.3899995368
"486","5hsx_3",NA,1,"C2",1261.30000814795
"487","3ghy_3",NA,1,"C2",2123.38998768665
"488","1ovn_1",NA,1,"C2",1515.4699895978
"489","3oa4_1",NA,1,"C2",3258.43999230862
"490","3hmk_1",NA,1,"C2",1418.77000206709
"491","4lft_1",NA,1,"C2",1032.71000312269
"492","3g17_2",NA,1,"C2",1897.00999443233
"493","1e7n_1",NA,1,"C2",1625.60997870006
"494","2fn1_1",NA,1,"C2",1534.02999554947
"495","2z0f_1",NA,1,"C2",1465.90999796242
"496","1f1g_2",NA,1,"C2",1322.63001240231
"497","1bhm_1",NA,1,"C2",7114.18996423297
"498","1tfg_1",NA,1,"C2",2558.41001957655
"499","3rks_2",NA,1,"C2",1761.30000463128
"500","3hdv_3",NA,1,"C2",841.849994421005
"501","1jr9_1",NA,1,"C2",1710.05000555515
"502","3leq_2",NA,1,"C2",1020.8399913311
"503","4cgr_1",NA,1,"C2",1924.75001444668
"504","4nf1_4",NA,1,"C2",1407.83999168873
"505","3bde_2",NA,1,"C2",2479.01998144388
"506","1h1y_1",NA,1,"C2",1891.01999813318
"507","4pr3_1",NA,1,"C2",2651.37999134511
"508","4pzk_1",NA,1,"C2",3189.20998119563
"509","2j8w_1",NA,1,"C2",1270.72001433372
"510","1v98_2",NA,1,"C2",1157.86000347137
"511","2ecf_1",NA,1,"C2",2660.01000237465
"512","3zc9_1",NA,1,"C2",1643.0600219965
"513","1s9p_1",NA,1,"C2",2614.70998263359
"514","1fux_1",NA,1,"C2",1628.84000582993
"515","1tz3_1",NA,1,"C2",1552.27999645844
"516","3p3d_2",NA,1,"C2",1239.33999893069
"517","2bhm_2",NA,1,"C2",1845.90000488237
"518","3u80_1",NA,1,"C2",1260.90999555588
"519","3k5x_2",NA,1,"C2",1849.35999894142
"520","3cjw_1",NA,1,"C2",1843.9999806881
"521","1q1n_1",NA,1,"C2",2171.79000371695
"522","1jzo_1",NA,1,"C2",1781.63999305665
"523","4xea_1",NA,1,"C2",1642.00000190735
"524","1my7_1",NA,1,"C2",1292.06000642851
"525","3c1q_1",NA,1,"C2",1749.73000019602
"526","2cd0_1",NA,1,"C2",1367.90999555588
"527","4rmm_1",NA,1,"C2",1673.72000408173
"528","2xhf_1",NA,1,"C2",1441.64000091888
"529","2f5e_1",NA,1,"C2",2478.81000232697
"530","4mei_1",NA,1,"C2",1380.2900018692
"531","1hlc_1",NA,1,"C2",1178.97999858856
"532","4pz9_1",NA,1,"C2",1586.82000488043
"533","1zjj_1",NA,1,"C2",2322.94998778403
"534","4lw8_1",NA,1,"C2",1442.61000448465
"535","1ivl_1",NA,1,"C2",1405.07999512553
"536","4f2n_2",NA,1,"C2",1835.89000090957
"537","3gor_1",NA,1,"C2",2031.76000085287
"538","1cd0_1",NA,1,"C2",1498.41000086069
"539","2goj_1",NA,1,"C2",1883.18001009896
"540","2w7w_1",NA,1,"C2",1922.27999599278
"541","1jrk_1",NA,1,"C2",3105.64001742005
"542","1hjr_1",NA,1,"C2",1905.73999321461
"543","1qhq_3",NA,1,"C2",992.550009012222
"544","2ph1_1",NA,1,"C2",1309.99999833107
"545","2pmr_1",NA,1,"C2",2011.81000041962
"546","2dql_1",NA,1,"C2",1960.61000174284
"547","3f14_1",NA,1,"C2",1431.0199971199
"548","2qaz_2",NA,1,"C2",1778.32000669837
"549","5a0j_1",NA,1,"C2",2529.25001192093
"550","6gsu_1",NA,1,"C2",2651.34998325258
"551","2b5a_1",NA,1,"C2",1882.75001239777
"552","1uer_2",NA,1,"C2",1792.32000773959
"553","2qxy_1",NA,1,"C2",1046.82000160217
"554","3tqu_2",NA,1,"C2",1667.90000289679
"555","2zv3_3",NA,1,"C2",1925.78998937085
"556","3ded_1",NA,1,"C2",1183.48001476005
"557","2ozv_1",NA,1,"C2",1585.07000984251
"558","1gan_1",NA,1,"C2",1138.3400028795
"559","1mp9_1",NA,1,"C2",2659.91999342665
"560","1to0_3",NA,1,"C2",1894.54999701679
"561","1gmz_1",NA,1,"C2",1282.05999827385
"562","1xef_2",NA,1,"C2",2715.96997910738
"563","4wny_1",NA,1,"C2",1766.38000959158
"564","4kyx_1",NA,1,"C2",2241.700005088
"565","2fca_1",NA,1,"C2",1592.59999513626
"566","3hv2_1",NA,1,"C2",1206.09999531507
"567","3jr8_2",NA,1,"C2",1234.0799831897
"568","3t9y_1",NA,1,"C2",4810.43995928764
"569","1a7g_1",NA,1,"C2",1836.04998907447
"570","3k5s_1",NA,1,"C2",2086.59000134468
"571","3lhx_1",NA,1,"C2",1580.70001152158
"572","3kb1_1",NA,1,"C2",1656.52000546455
"573","4ohc_2",NA,1,"C2",2245.45999750495
"574","1zxk_1",NA,1,"C2",2528.8700068593
"575","2nwu_1",NA,1,"C2",1129.72000417113
"576","3kay_1",NA,1,"C2",1660.50999327004
"577","2c2x_1",NA,1,"C2",3189.47000305355
"578","3uqz_1",NA,1,"C2",1493.48999945074
"579","3q1d_1",NA,1,"C2",1345.11999821663
"580","4nzv_1",NA,1,"C2",1439.45999899879
"581","2fj2_2",NA,1,"C2",1793.54999131896
"582","1u3z_1",NA,1,"C2",1290.38999783993
"583","4ds3_1",NA,1,"C2",1340.4900124073
"584","4o1h_1",NA,1,"C2",1024.52000951767
"585","4le0_1",NA,1,"C2",1747.42998962104
"586","1xso_1",NA,1,"C2",1332.65000399388
"587","1ye5_1",NA,1,"C2",2423.78999114037
"588","1qg7_1",NA,1,"C2",1873.89000203088
"589","3hjg_1",NA,1,"C2",1573.17999184132
"590","4d6y_1",NA,1,"C2",1195.63999193907
"591","2pfi_1",NA,1,"C2",1571.46999931335
"592","1ohq_1",NA,1,"C2",1872.95000740886
"593","3o0m_1",NA,1,"C2",2448.77997792512
"594","3atp_1",NA,1,"C2",2761.71002578735
"595","4ofd_1",NA,1,"C2",1295.11999994516
"596","2j8z_1",NA,1,"C2",2471.9200052917
"597","2v9c_1",NA,1,"C2",2448.4799927175
"598","2qld_1",NA,1,"C2",1700.63998007774
"599","3rny_3",NA,1,"C2",1421.24001383781
"600","3toe_1",NA,1,"C2",1449.69998842478
"601","2ymz_2",NA,1,"C2",1371.01998624951
"602","1cd8_1",NA,1,"C2",2060.4900233224
"603","3cei_1",NA,1,"C2",1741.49999531917
"604","4rzk_1",NA,1,"C2",1016.5399990622
"605","4ph6_1",NA,1,"C2",1990.26999368146
"606","1sfr_4",NA,1,"C2",1648.90000031143
"607","4oja_1",NA,1,"C2",1458.21999990568
"608","1uvz_3",NA,1,"C2",986.300005175173
"609","4kvr_2",NA,1,"C2",1761.26998233795
"610","3egj_2",NA,1,"C2",1796.51000365429
"611","4v07_1",NA,1,"C2",2572.68999648094
"612","3ehc_1",NA,1,"C2",1800.53998854198
"613","4fzp_1",NA,1,"C3",1958.88999727368
"614","2ws2_1",NA,1,"C2",2240.36999964714
"615","2nyb_2",NA,1,"C2",1840.88000136614
"616","1zy2_1",NA,1,"C2",974.4700050354
"617","4c98_1",NA,1,"C2",1817.0399954319
"618","3ros_1",NA,1,"C2",5486.32001912594
"619","1v4v_1",NA,1,"C2",2449.47000570223
"620","3ec9_1",NA,1,"C2",1527.51999796927
"621","3m5u_1",NA,1,"C2",3967.82999530062
"622","1jbg_1",NA,1,"C2",2059.73999476433
"623","1o12_1",NA,1,"C2",2118.21999876946
"624","3ssi_1",NA,1,"C2",1732.70998990536
"625","1jm0_2",NA,1,"C2",1836.35000145435
"626","1xre_1",NA,1,"C2",1725.27999156713
"627","1vr0_1",NA,1,"C2",1852.47998377681
"628","1sxs_1",NA,1,"C2",1366.42999714613
"629","3dl3_1",NA,1,"C2",1691.73999619484
"630","2j8m_1",NA,1,"C2",3264.35998281837
"631","2j85_1",NA,1,"C2",1396.90999120474
"632","3keb_1",NA,1,"C2",1969.78000275791
"633","3mnd_1",NA,1,"C2",1372.54999865592
"634","1mi8_1",NA,1,"C2",1078.22000455856
"635","4wt0_1",NA,1,"C2",871.370001494884
"636","2isy_1",NA,1,"C2",1609.4999974072
"637","5b1y_1",NA,1,"C2",3257.81999038532
"638","3khp_2",NA,1,"C2",2774.73999734223
"639","1lyn_1",NA,1,"C2",1898.70999245346
"640","1afw_1",NA,1,"C2",4800.72002243623
"641","4ye0_1",NA,1,"C2",1238.93999785557
"642","2zxy_1",NA,1,"C2",807.640006102622
"643","3d7q_2",NA,1,"C2",2043.73998912424
"644","4tkz_2",NA,1,"C2",3103.84000733308
"645","2i9z_1",NA,1,"C2",1821.45998644829
"646","3p0c_3",NA,1,"C2",1391.83998659253
"647","2x2a_1",NA,1,"C2",1764.14998418093
"648","3lqn_1",NA,1,"C2",2529.16001649201
"649","3aqt_1",NA,1,"C2",1622.57000046968
"650","1b78_1",NA,1,"C2",1858.300001055
"651","3tbo_1",NA,1,"C2",1752.73999935389
"652","4exn_1",NA,1,"C2",1292.5200047493
"653","1h0x_1",NA,1,"C2",1385.70999509096
"654","3mux_1",NA,1,"C2",1754.60000050068
"655","3lv9_1",NA,1,"C2",1815.76999461651
"656","3r6m_1",NA,1,"C2",1805.54000002891
"657","1zh2_1",NA,1,"C2",1832.80999708176
"658","4qf3_3",NA,1,"C2",1600.84000875056
"659","3jv5_2",NA,1,"C2",1372.64999514818
"660","3ccg_1",NA,1,"C2",1391.55998679996
"661","1jog_2",NA,1,"C2",2074.35000835173
"662","3oxp_1",NA,1,"C2",1730.6300143674
"663","3i8b_2",NA,1,"C2",1763.8099861145
"664","3hde_2",NA,1,"C2",1600.56000447273
"665","1d1t_4",NA,1,"C2",3255.21999526769
"666","4k30_3",NA,1,"C2",1430.90998458862
"667","4i1t_1",NA,1,"C2",1681.4799891077
"668","3h1s_1",NA,1,"C2",1858.86998991668
"669","3p9x_1",NA,1,"C2",1061.94000649452
"670","3ewb_1",NA,1,"C2",1532.40000512451
"671","2q8r_2",NA,1,"C2",1657.63001348451
"672","3ce1_1",NA,1,"C2",1297.22999864817
"673","3hz4_1",NA,1,"C2",2574.43000020087
"674","3juw_2",NA,1,"C2",1751.14000463486
"675","4o1i_2",NA,1,"C2",1478.64000362158
"676","4e4j_2",NA,1,"C2",2142.39998179674
"677","1eqw_2",NA,1,"C2",1429.48000510409
"678","1y7h_2",NA,1,"C2",1687.24000915885
"679","2x4i_1",NA,1,"C2",1580.71001648903
"680","3hm7_2",NA,1,"C2",1811.37000900507
"681","3tn4_1",NA,1,"C2",3199.80000548065
"682","3umc_2",NA,1,"C2",1665.44000411034
"683","2oz6_1",NA,1,"C2",3263.20003193617
"684","3gw2_1",NA,1,"C2",2648.84000730515
"685","4ld8_1",NA,1,"C2",1684.87999725342
"686","2ph0_1",NA,1,"C2",1932.4300017003
"687","1bjj_9",NA,1,"C2",603.879996299744
"688","3lyp_1",NA,1,"C2",2120.30000947416
"689","3lcr_1",NA,1,"C2",1636.54999540746
"690","4nqq_1",NA,1,"C2",1792.48998613656
"691","2we8_2",NA,1,"C2",1620.66998338699
"692","3pf9_1",NA,1,"C2",2257.40001261234
"693","2xeu_1",NA,1,"C2",1067.8899987936
"694","3lo3_3",NA,1,"C2",2530.0999962762
"695","3igr_2",NA,1,"C2",2053.53000455722
"696","1ix9_1",NA,1,"C2",1871.12000572681
"697","3b7h_1",NA,1,"C2",1700.69999074936
"698","3auf_1",NA,1,"C2",1897.56001114845
"699","2a67_2",NA,1,"C2",1954.72000360489
"700","4dup_1",NA,1,"C2",2160.7700086832
"701","4l4z_1",NA,1,"C2",1554.18999171257
"702","2aps_1",NA,1,"C2",1647.30999776721
"703","3l9z_1",NA,1,"C2",2186.03999209404
"704","3g13_1",NA,1,"C2",2034.66001534462
"705","3l7o_1",NA,1,"C2",2659.71001571417
"706","1hy3_1",NA,1,"C2",624.819993972778
"707","1j1i_1",NA,1,"C2",1774.34000134468
"708","2pzz_1",NA,1,"C2",1379.46000638604
"709","3l1w_2",NA,1,"C2",1590.15998562425
"710","3clv_1",NA,1,"C2",1534.81001758575
"711","4nzj_2",NA,1,"C2",2761.27998661995
"712","3erj_1",NA,1,"C2",1883.03000158072
"713","4du5_2",NA,1,"C2",1772.35999916494
"714","3duv_1",NA,1,"C2",2761.54997482896
"715","4wvr_2",NA,1,"C2",1218.85000115633
"716","4eo9_1",NA,1,"C2",1758.21998790652
"717","3e7p_1",NA,1,"C2",1585.45000529289
"718","3hy8_1",NA,1,"C2",4975.55998682976
"719","5c2x_1",NA,1,"C2",1220.22999477386
"720","1y67_1",NA,1,"C2",1794.86998978257
"721","1ybz_2",NA,1,"C2",3970.0999853909
"722","3p0u_1",NA,1,"C2",2647.57998687029
"723","1rfy_1",NA,1,"C2",2119.38001155853
"724","3fbt_2",NA,1,"C2",1593.32999873161
"725","2nys_1",NA,1,"C2",1795.27000792883
"726","3kbf_1",NA,1,"C2",1510.82999897003
"727","1e59_1",NA,1,"C2",1426.86000934988
"728","1aiz_1",NA,1,"C2",1014.86999082565
"729","4e5y_1",NA,1,"C2",2575.09000167996
"730","3w66_1",NA,1,"C2",755.880006074905
"731","4f82_1",NA,1,"C2",1510.43000198528
"732","3dqz_2",NA,1,"C2",1766.89999419451
"733","1srr_1",NA,1,"C2",1045.58998918533
"734","4low_1",NA,1,"C2",1175.65999770164
"735","1hq8_1",NA,1,"C2",2035.2600098215
"736","3nrd_1",NA,1,"C2",2659.38999652863
"737","3lyc_3",NA,1,"C2",1833.0599886179
"738","3bjv_1",NA,1,"C2",1963.72999811172
"739","3eeg_1",NA,1,"C2",1431.12000764906
"740","3ees_1",NA,1,"C2",1720.18998688459
"741","3zig_1",NA,1,"C2",1697.45999717712
"742","1xkz_2",NA,1,"C2",861.929995920509
"743","3o63_1",NA,1,"C2",1919.68001103401
"744","1rz6_2",NA,1,"C2",2423.04001803696
"745","3kht_2",NA,1,"C2",1653.69998443872
"746","3lmb_1",NA,1,"C2",2576.59000569582
"747","2qgh_1",NA,1,"C2",7131.44000208378
"748","3kg8_1",NA,1,"C2",1550.339999713
"749","3qat_3",NA,1,"C2",1943.79999729991
"750","1q98_1",NA,1,"C2",1574.78000234067
"751","3hq2_1",NA,1,"C2",2777.21998357773
"752","4mmm_5",NA,1,"C2",1547.53999334574
"753","2fuc_1",NA,1,"C2",2240.31998950243
"754","2h2w_1",NA,1,"C2",2108.38999378681
"755","3glv_1",NA,1,"C2",1460.2900052201
"756","3nib_1",NA,1,"C2",1171.46999454498
"757","4q9a_1",NA,1,"C2",1885.89999824762
"758","5iu9_1",NA,1,"C2",3311.74999750406
"759","5i10_2",NA,1,"C2",1582.53999608755
"760","5j6o_1",NA,1,"C2",1360.27999728918
"761","5dym_1",NA,1,"C2",2420.79999089241
"762","5ayp_1",NA,1,"C2",3968.56000174955
"763","5ie7_1",NA,1,"C2",1314.96999680996
"764","5hpj_1",NA,1,"C2",1600.20999452472
"765","5feg_1",NA,1,"C2",1348.90000528097
"766","5an1_5",NA,1,"C2",2330.48999845982
"767","5hkl_1",NA,1,"C2",2122.54999247193
"768","5f05_1",NA,1,"C2",2775.20998778939
"769","5hu7_1",NA,1,"C2",1073.76999697089
"770","5hxo_1",NA,1,"C2",3269.12001484632
"771","5ig8_1",NA,1,"C2",4813.13999535516
"772","5c04_1",NA,1,"C2",1447.78000569344
"773","5eb9_1",NA,1,"C2",1664.29999965429
"774","5hm4_1",NA,1,"C2",1394.75999721885
"775","5i4c_1",NA,1,"C2",1061.53000593185
"776","5ep8_1",NA,1,"C2",1599.67000192031
"777","5hiz_1",NA,1,"C2",1022.08999201655
"778","5fub_1",NA,1,"C2",3255.08999675512
"779","5il5_1",NA,1,"C2",980.699985895306
"780","5edx_1",NA,1,"C2",1987.79000795633
"781","5exv_1",NA,1,"C2",2145.37000025809
"782","5hqw_1",NA,1,"C2",1150.92000383139
"783","5h5n_1",NA,1,"C2",1982.1699917987
"784","5abr_1",NA,1,"C2",923.000006783754
"785","5ckm_1",NA,1,"C2",1904.29999966919
"786","5eyo_2",NA,1,"C2",7024.45999526978
"787","5dra_1",NA,1,"C2",1489.84998577461
"788","5ks7_1",NA,1,"C2",2449.14999916591
"789","5k2i_1",NA,1,"C2",1111.11999554746
"790","5llj_1",NA,1,"C2",823.370006963611
"791","5trb_1",NA,1,"C2",1832.24999499321
"792","5j9c_1",NA,1,"C2",1455.03999581188
"793","5lc1_5",NA,1,"C2",2471.57000243664
"794","5kol_2",NA,1,"C2",1741.83999685198
"795","5jsq_1",NA,1,"C2",2965.59001590684
"796","5vcp_1",NA,1,"C2",1526.7900015749
"797","5u0k_4",NA,1,"C2",1782.28998833895
"798","5vm1_5",NA,1,"C2",2241.18999644741
"799","4zng_1",NA,1,"C2",1787.00999367237
"800","5wyg_1",NA,1,"C2",2010.92999833822
"801","5lvz_1",NA,1,"C2",2040.38001155853
"802","4yiw_1",NA,1,"C2",1744.66999918222
"803","5u0i_1",NA,1,"C2",1603.63000911474
"804","5m7q_3",NA,1,"C2",1125.07000291348
"805","5v01_1",NA,1,"C2",1728.06999030709
"806","5l6q_1",NA,1,"C2",1215.00001460314
"807","5ujf_2",NA,1,"C2",1045.59000277519
"808","6gc9_1",NA,1,"C2",2322.79001344182
"809","5x9i_1",NA,1,"C2",2714.66000322998
"810","5sy4_1",NA,1,"C2",2649.33001040667
"811","6azh_1",NA,1,"C2",4814.08002994396
"812","5xwe_1",NA,1,"C2",1087.09999829531
"813","6ar4_1",NA,1,"C2",896.650002479553
"814","5xwz_2",NA,1,"C2",1233.22999700904
"815","5ncr_1",NA,1,"C2",1222.3099960275
"816","5t93_1",NA,1,"C2",1124.16999730468
"817","5cho_3",NA,1,"C2",4294.76998415217
"818","6auj_1",NA,1,"C2",4293.93000838906
"819","6cgb_1",NA,1,"C2",2613.89999526739
"820","5ume_2",NA,1,"C2",2243.14000689983
"821","5y4t_1",NA,1,"C2",1149.93999290466
"822","5wqi_2",NA,1,"C2",2244.36000158265
"823","5n7l_1",NA,1,"C2",934.650002196431
"824","5z0y_1",NA,1,"C2",1196.19999206066
"825","5vkt_2",NA,1,"C2",2557.90000246838
"826","5vxa_3",NA,1,"C2",2470.92000437155
"827","5zw3_1",NA,1,"C2",3310.11997322366
"828","5tc2_1",NA,1,"C2",846.910002589226
"829","5tus_3",NA,1,"C2",2887.17999053933
"830","5mwx_1",NA,1,"C2",1187.17000865936
"831","5vdf_4",NA,1,"C2",826.279998954386
"832","5vm4_4",NA,1,"C2",1221.68000780046
"833","5xo7_1",NA,1,"C2",1290.34001046419
"834","5vsc_1",NA,1,"C2",2257.1699963212
"835","5yrg_1",NA,1,"C2",1182.49000003748
"836","5h23_1",NA,1,"C2",830.730001956224
"837","1ex2_1",NA,0,"C2",1077.67000392079
"838","2zoz_2",NA,0,"NPS",746.599994627759
"839","1xub_1",NA,0,"NPS",1424.77000446618
"840","4lev_3",NA,0,"C2",2472.47000932693
"841","3l1e_1",NA,0,"C2",1990.35000252724
"842","4ga4_1",NA,0,"C2",2084.53000406921
"843","1rtv_1",NA,0,"NPS",1021.64999759197
"844","4zms_1",NA,0,"C2",1619.74999843538
"845","1jil_1",NA,0,"C2",2649.12999352813
"846","4fqu_5",NA,0,"C2",1586.07000626624
"847","1q4j_1",NA,0,"C2",1533.60998733342
"848","1azw_1",NA,0,"C2",1227.14001468569
"849","4e69_2",NA,0,"C2",1754.06999374367
"850","4i24_3",NA,0,"C2",2965.50999419764
"851","4nk0_2",NA,0,"C3",1241.16999828815
"852","2npn_3",NA,0,"C2",728.269996643066
"853","2gs2_1",NA,0,"NPS",1980.0599997025
"854","4qhj_1",NA,0,"C2",1960.91000387818
"855","1c3g_1",NA,0,"NPS",1222.65001513436
"856","3ez9_2",NA,0,"C2",4294.87000310421
"857","1xkv_1",NA,0,"NPS",1903.87999892235
"858","4qhi_1",NA,0,"C3",2323.10001984239
"859","2g0h_1",NA,0,"NPS",1441.38000204414
"860","3lf6_1",NA,0,"C2",2478.64998757467
"861","3bif_1",NA,0,"C2",664.259999752045
"862","1fp3_2",NA,0,"C2",2449.2500144206
"863","4axv_2",NA,0,"C2",1717.08999592066
"864","3f3y_2",NA,0,"NPS",941.710011634976
"865","2pcj_1",NA,0,"C2",1280.02999873832
"866","4nwc_2",NA,0,"C2",1538.98999962211
"867","2zkj_2",NA,0,"NPS",1633.14999884367
"868","3g48_2",NA,0,"NPS",920.130008686334
"869","2v54_1",NA,0,"C2",1762.54997652769
"870","4o67_1",NA,0,"NPS",735.389991670847
"871","3rao_1",NA,0,"NPS",1850.17999616265
"872","1xlu_1",NA,0,"C2",646.779991149902
"873","3k1m_1",NA,0,"NPS",1742.6500107348
"874","3dcj_1",NA,0,"NPS",1329.37000948191
"875","2dwy_6",NA,0,"C2",2887.43000909686
"876","3ljb_2",NA,0,"C2",1329.76999807358
"877","1yvl_4",NA,0,"NPS",4807.9300199654
"878","3nzp_2",NA,0,"C2",2331.23000313342
"879","2egu_3",NA,0,"C2",1532.78000386059
"880","1np8_1",NA,0,"NPS",1587.21000093222
"881","1wtc_1",NA,0,"C2",1674.55999296904
"882","4xar_1",NA,0,"C2",1839.11000132561
"883","1som_1",NA,0,"NPS",1533.15000695363
"884","2o1v_1",NA,0,"C2",3269.07999552228
"885","3hha_4",NA,0,"C2",946.119994267821
"886","1zc6_1",NA,0,"C2",1469.63999217562
"887","1fpq_1",NA,0,"C2",7114.77001807094
"888","5ckl_1",NA,0,"C2",1551.54002803564
"889","1ijy_1",NA,0,"C2",1254.96000674367
"890","3fh0_1",NA,0,"C2",668.649995267391
"891","4s3m_1",NA,0,"NPS",618.120001137257
"892","4zqb_1",NA,0,"NPS",1740.84998762608
"893","2xwc_1",NA,0,"C2",1612.8199897036
"894","5cow_2",NA,0,"C2",1813.54000580311
"895","2bpd_1",NA,0,"C2",1211.10000568628
"896","4iys_1",NA,0,"C2",3256.79999148846
"897","4mqb_1",NA,0,"NPS",998.299987861887
"898","4g7n_1",NA,0,"C2",2577.07000290602
"899","2ekz_1",NA,0,"NPS",1393.97000048496
"900","1iyz_1",NA,0,"C2",667.269999027252
"901","1dd7_1",NA,0,"NPS",1455.42001378536
"902","1xur_1",NA,0,"C2",2352.23999794573
"903","4q96_2",NA,0,"C2",3189.49998761155
"904","4p52_2",NA,0,"C2",2614.5900029242
"905","4nnz_2",NA,0,"C2",1963.09000209533
"906","3ucr_1",NA,0,"C2",1179.24000495672
"907","2ar8_1",NA,0,"NPS",1896.94998856261
"908","2ha7_1",NA,0,"NPS",987.539995133877
"909","1bws_1",NA,0,"NPS",1172.75999951363
"910","3hn2_1",NA,0,"C2",1639.77999651432
"911","1ujk_3",NA,0,"C2",2776.16001015715
"912","4y5u_1",NA,0,"C2",2104.48999954015
"913","1bp6_1",NA,0,"NPS",1455.86000905186
"914","3ijl_2",NA,0,"C2",1542.95999991894
"915","1s9p_5",NA,0,"NPS",1584.94000378251
"916","4dsc_1",NA,0,"C2",2187.48000434041
"917","3qxu_2",NA,0,"NPS",1161.26999875344
"918","3rog_2",NA,0,"C2",1430.29999876022
"919","4ldz_1",NA,0,"NPS",1919.8000005018
"920","4ckn_2",NA,0,"C2",2760.82999640331
"921","1se8_1",NA,0,"C2",1289.2399969101
"922","1kvo_2",NA,0,"C2",760.179991722107
"923","2axi_3",NA,0,"C2",3105.38001868129
"924","5p21_1",NA,0,"C2",1632.59999227524
"925","3fcx_1",NA,0,"C2",1625.85000172257
"926","4h2i_1",NA,0,"C2",2659.71997087076
"927","1esr_1",NA,0,"C2",1471.2500089407
"928","3mxo_2",NA,0,"C2",1760.72000436857
"929","3e6d_1",NA,0,"NPS",4810.65000117011
"930","4rnj_1",NA,0,"NPS",1553.70000344515
"931","4i15_1",NA,0,"NPS",1375.95999883115
"932","8jdw_1",NA,0,"NPS",1092.84000253677
"933","1poe_1",NA,0,"NPS",606.199999213219
"934","3g45_1",NA,0,"C2",1869.21000382304
"935","4jp4_1",NA,0,"C3",2422.31999792531
"936","1qrd_1",NA,0,"C2",1204.4699943345
"937","1bjt_1",NA,0,"C2",3967.76001954079
"938","3h7l_3",NA,0,"C3",835.0400068257
"939","1qvt_19",NA,0,"NPS",785.070006489754
"940","3gz1_1",NA,0,"NPS",2715.26000618935
"941","4lrw_1",NA,0,"NPS",773.159996790811
"942","3kux_3",NA,0,"C2",1215.91000718623
"943","1vpl_1",NA,0,"C2",1452.09000301361
"944","4ray_1",NA,0,"NPS",3199.75999844074
"945","4yyy_1",NA,0,"NPS",1284.79000025988
"946","4l85_1",NA,0,"NPS",1155.3299933672
"947","1jye_1",NA,0,"C2",1212.91999195516
"948","2qms_1",NA,0,"C2",2257.28999257088
"949","2fv7_1",NA,0,"NPS",1171.4599901922
"950","2dvn_1",NA,0,"NPS",1307.42998728901
"951","4xbd_3",NA,0,"C2",907.429996967316
"952","1txn_1",NA,0,"C2",5488.999997532
"953","2rgv_1",NA,0,"C2",3311.44000375271
"954","4tt4_1",NA,0,"NPS",1148.08000481129
"955","2bej_1",NA,0,"C2",1917.96002149582
"956","1f1j_5",NA,0,"NPS",2529.62000070512
"957","1lvb_5",NA,0,"C2",4979.55002043024
"958","2bde_2",NA,0,"C2",1916.33001971245
"959","1yv9_1",NA,0,"C2",1425.07999496534
"960","2g3k_8",NA,0,"NPS",1544.53002023697
"961","1vok_6",NA,0,"C2",2139.32000374794
"962","1ecx_1",NA,0,"NPS",985.100002467632
"963","3d6r_3",NA,0,"C2",1349.54999494553
"964","5b7z_1",NA,0,"NPS",974.510003849864
"965","5j7n_3",NA,0,"C2",2558.78000783175
"966","5hs8_1",NA,0,"C2",2244.90001404285
"967","5gt9_1",NA,0,"NPS",3264.34999406524
"968","5ckn_1",NA,0,"NPS",2242.95000892878
"969","5dyw_1",NA,0,"NPS",1409.78000070155
"970","5h0i_1",NA,0,"C2",1338.75999577343
"971","5uzx_1",NA,0,"NPS",1003.26999279484
"972","4zmy_1",NA,0,"C2",1410.17001008987
"973","5z70_2",NA,0,"C2",1482.19000500441
"974","5wdi_2",NA,0,"C2",1465.61999483779
"975","5yii_1",NA,0,"C2",2573.76999970898
"976","5t9f_1",NA,0,"C2",693.889996945858
"977","5svg_1",NA,0,"C2",2652.35000929609
"978","4czm",5,0,"C2",1135.4
"979","6bwy",1,0,"C2",1155.6
"980","3ml6",7,0,"C2",1118.2
"981","3zl7",8,0,"C2",1145.7
"982","2rax",22,0,"C2",1114.6
"983","1qex",1,0,"C2",1178.6
"984","6g5g",11,0,"C2",1119.1
"985","2bbh",4,0,"C2",1124.4
"986","2f9q",3,0,"C2",1184.5
"987","1l7c",5,0,"C2",1163.5
"988","4ngf",4,0,"C2",1105.15
"989","2ajq",9,0,"C2",1111.25
"990","6d9m",4,0,"C2",1180.75
"991","2iut",1,0,"C2",1110.35
"992","5iqw",2,0,"C2",1113.1
"993","3ffn",1,0,"C2",1148.2
"994","3v00",10,0,"C2",1170.2
"995","1dgk",1,0,"C2",1107.65
"996","5w5i",6,0,"C2",1141.35
"997","4xss",5,0,"C2",1130.75
"998","3frs",2,0,"C2",1136.5
"999","3kga",1,0,"C2",1126.95
"1000","2v5n",1,0,"C2",1114.35
"1001","6rp3",5,0,"C2",1107.9
"1002","6b72",1,0,"C2",1117.65
"1003","3jpw",2,0,"C2",1171.15
"1004","3cz7",3,0,"C2",1124.7
"1005","2ym0",5,0,"C2",1136.9
"1006","2ym9",8,0,"C2",1114.8
"1007","4twa",2,0,"C2",1179
"1008","1pp3",2,0,"C2",1110.25
"1009","4nzq",2,0,"C2",1118.35
"1010","4wph",1,0,"C2",1113.7
"1011","2i6a",2,0,"C2",1105.45
"1012","2b0u",18,0,"C2",1133.2
"1013","6txq",3,0,"C2",1175.45
"1014","6qzh",3,0,"C2",1116.55
"1015","4e89",2,0,"C2",1118.35
"1016","4oph",1,0,"C2",1171.85
"1017","5v38",7,0,"C2",1124.05
"1018","3tg8",4,0,"C2",1117.85
"1019","5dis",10,0,"C2",1171.1
"1020","6o9q",5,0,"C2",1191.4
"1021","4g3u",6,0,"C2",1182.65
"1022","4hok",1,0,"C2",1188.15
"1023","3cl3",7,0,"C2",1174.55
"1024","1kho",1,0,"C2",1113.35
"1025","2zb3",4,0,"C2",1166.75
"1026","4p2l",1,0,"C2",1165.95
"1027","4u66",5,0,"C2",1136.2
"1028","6a17",1,0,"C2",1184.15
"1029","4cqo",2,0,"C2",1171.4
"1030","4l4w",9,0,"C2",1180.8
"1031","6i7k",1,0,"C2",1142.35
"1032","6s1l",5,0,"C2",1186.65
"1033","3wbj",6,0,"C2",1187.2
"1034","4epl",2,0,"C2",1192.25
"1035","3ftj",3,0,"C2",1103.95
"1036","1sw2",4,0,"C2",1107.95
"1037","1p35",11,0,"C2",1115.5
"1038","6qu4",11,0,"C2",1110.35
"1039","4hdg",1,0,"C2",1198.55
"1040","6h97",3,0,"C2",1182.4
"1041","3woa",1,0,"C2",1148.95
"1042","3me4",1,0,"C2",1193.8
"1043","5uqm",2,0,"C2",1121.5
"1044","4wwc",3,0,"C2",1114.15
"1045","1wlg",3,0,"C2",1149.3
"1046","2ofj",1,0,"C2",1110.95
"1047","4n3v",1,0,"C2",1165.95
"1048","3lya",4,0,"C2",1188.35
"1049","1mvh",1,0,"C2",1180.7
"1050","5mja",1,0,"C2",1187.85
"1051","5xwm",3,0,"C2",1153.6
"1052","6ii0",11,0,"C2",1150.3
"1053","1lkv",6,0,"C2",1173.1
"1054","6h3u",14,0,"C2",1119.05
"1055","5gzu",1,0,"C2",1171.65
"1056","1vic",7,0,"C2",1186.85
"1057","4tkx",3,0,"C2",1123.1
"1058","4aqt",3,0,"C2",1162.05
"1059","6gv1",7,0,"C2",1190.75
"1060","4tse",1,0,"C2",1122.5
"1061","4mkq",1,0,"C2",1197.95
"1062","6nc7",1,0,"C2",1123.65
"1063","2vj4",7,0,"C2",1173.8
"1064","6tfq",4,0,"C2",1189.45
"1065","6f1k",1,0,"C2",1120.25
"1066","1qpg",1,0,"C2",1120.5
"1067","6bui",11,0,"C2",1105.5
"1068","6dfk",9,0,"C2",1103.15
"1069","3aos",1,0,"C2",1156.2
"1070","3rtr",20,0,"C2",1173.5
"1071","1bs2",4,0,"C2",1118.6
"1072","6mac",5,0,"C2",1130.3
"1073","3gty",7,0,"C2",1104.75
"1074","4c0o",1,0,"C2",1133.6
"1075","1u07",1,0,"C2",1180.15
"1076","2zzn",2,0,"C2",1102.7
"1077","3uit",14,0,"C2",1104
"1078","1c16",14,0,"C2",1141.9
"1079","3frl",1,0,"C2",1154.35
"1080","4ayn",1,0,"C2",1125.5
"1081","5uvc",5,0,"C2",1241.5
"1082","1qex",6,0,"C2",1296.55
"1083","4cmp",11,0,"C2",1299.55
"1084","4yl6",4,0,"C2",1214.6
"1085","5xfl",2,0,"C2",1231.8
"1086","6j20",3,0,"C2",1240.2
"1087","1xi1",1,0,"C2",1212.9
"1088","3hpn",1,0,"C2",1290.1
"1089","4p3w",1,0,"C2",1255.1
"1090","3r8k",1,0,"C2",1286.85
"1091","1jqj",9,0,"C2",1288.75
"1092","3qwm",1,0,"C2",1237.05
"1093","1q1e",2,0,"C2",1256.75
"1094","5kvt",2,0,"C2",1292.9
"1095","6eet",1,0,"C2",1277.35
"1096","1qhm",4,0,"C2",1277.8
"1097","4p7o",1,0,"C2",1219.5
"1098","3okt",4,0,"C2",1231.1
"1099","3dxb",16,0,"C2",1226.85
"1100","3v0e",5,0,"C2",1287.75
"1101","3pbb",5,0,"C2",1298.75
"1102","5xzw",7,0,"C2",1285.15
"1103","1x1p",3,0,"C2",1202.95
"1104","1xew",4,0,"C2",1217.55
"1105","6n5z",1,0,"C2",1284.6
"1106","5y5w",3,0,"C2",1269.45
"1107","4p3o",5,0,"C2",1268.9
"1108","1cyy",5,0,"C2",1262.85
"1109","1lws",4,0,"C2",1244.55
"1110","4qhh",3,0,"C2",1209.75
"1111","4i6s",9,0,"C2",1251.6
"1112","5eg8",1,0,"C2",1256.2
"1113","1azt",1,0,"C2",1271.35
"1114","5f5m",2,0,"C2",1241
"1115","5f5m",14,0,"C2",1240.3
"1116","4zhr",4,0,"C2",1268.8
"1117","6k6n",1,0,"C2",1294.4
"1118","4ldb",4,0,"C2",1214.9
"1119","5vm9",1,0,"C2",1272.4
"1120","5gmj",6,0,"C2",1282.1
"1121","3fe1",7,0,"C2",1206.7
"1122","6cjs",3,0,"C2",1264.35
"1123","3bqa",1,0,"C2",1215.1
"1124","5wof",13,0,"C2",1236.85
"1125","6bnc",1,0,"C2",1201.3
"1126","5fom",2,0,"C2",1220.65
"1127","3q5m",5,0,"C2",1233.65
"1128","6a16",5,0,"C2",1282.6
"1129","1g73",7,0,"C2",1244.85
"1130","6d3l",1,0,"C2",1202.9
"1131","3prb",7,0,"C2",1200.95
"1132","5l45",1,0,"C2",1249.15
"1133","3nuh",5,0,"C2",1289.5
"1134","2brv",1,0,"C2",1253.25
"1135","3wbj",2,0,"C2",1202.4
"1136","4oar",3,0,"C2",1200.7
"1137","4bbr",39,0,"C2",1222.8
"1138","2wfh",1,0,"C2",1280.05
"1139","6emt",1,0,"C2",1223.65
"1140","5n71",4,0,"C2",1266.85
"1141","4wlm",2,0,"C2",1222
"1142","6aob",1,0,"C2",1232.6
"1143","4dmz",1,0,"C2",1283.25
"1144","4gmg",11,0,"C2",1213.9
"1145","5nfo",5,0,"C2",1239.95
"1146","3e7k",14,0,"C2",1295.25
"1147","4pel",7,0,"C2",1291.65
"1148","1p8l",1,0,"C2",1266.4
"1149","4dez",3,0,"C2",1213.1
"1150","4rly",3,0,"C2",1235.2
"1151","3wnk",2,0,"C2",1247.6
"1152","2ejn",1,0,"C2",1237.65
"1153","4z8x",8,0,"C2",1236.6
"1154","3nyo",3,0,"C2",1255.55
"1155","2j3z",7,0,"C2",1262.45
"1156","2j3x",1,0,"C2",1233.8
"1157","2vnc",8,0,"C2",1255.65
"1158","3k8v",9,0,"C2",1204.7
"1159","3dpt",1,0,"C2",1279.6
"1160","5col",1,0,"C2",1229.85
"1161","2ntx",3,0,"C2",1299.3
"1162","2nsa",6,0,"C2",1274.5
"1163","2nsa",5,0,"C2",1234.5
"1164","5afb",5,0,"C2",1275.75
"1165","6j09",4,0,"C2",1262.05
"1166","2zz8",1,0,"C2",1250.85
"1167","3opu",23,0,"C2",1200.95
"1168","5yii",2,0,"C2",1288.25
"1169","5uig",4,0,"C2",1349.6
"1170","1j36",3,0,"C2",1352
"1171","3ml6",3,0,"C2",1309.05
"1172","2bdm",2,0,"C2",1344.65
"1173","1dov",3,0,"C2",1364.45
"1174","4da4",1,0,"C2",1319.65
"1175","6ucm",16,0,"C2",1329.8
"1176","5znd",3,0,"C2",1334.05
"1177","4pfe",1,0,"C2",1337.55
"1178","2xcr",4,0,"C2",1354.3
"1179","5yfn",4,0,"C2",1334.7
"1180","6dd5",1,0,"C2",1320
"1181","5ygs",6,0,"C2",1392.1
"1182","5wme",4,0,"C2",1378.2
"1183","3o77",2,0,"C2",1376
"1184","3fjo",2,0,"C2",1353.85
"1185","4iyp",5,0,"C2",1315.4
"1186","5fuf",1,0,"C2",1340.45
"1187","4qgb",1,0,"C2",1392.95
"1188","4kmd",4,0,"C2",1332.25
"1189","5ifw",6,0,"C2",1343.05
"1190","2p22",22,0,"C2",1378.5
"1191","2jkr",34,0,"C2",1304.4
"1192","3nan",2,0,"C2",1304.6
"1193","2g7p",1,0,"C2",1384.25
"1194","6k4p",3,0,"C2",1399.9
"1195","1gyl",1,0,"C2",1357.95
"1196","5n69",1,0,"C2",1380.45
"1197","5mz4",7,0,"C2",1358.05
"1198","4nld",3,0,"C2",1336.75
"1199","1fr1",1,0,"C2",1346.25
"1200","2j7l",4,0,"C2",1386.05
"1201","5jgk",1,0,"C2",1312.6
"1202","3ty9",4,0,"C2",1373.05
"1203","3fg3",1,0,"C2",1366.4
"1204","1y6h",3,0,"C2",1308.5
"1205","6fju",1,0,"C2",1314.75
"1206","2ac1",3,0,"C2",1311.05
"1207","3ftj",5,0,"C2",1369.35
"1208","5hns",1,0,"C2",1379.9
"1209","5dbl",1,0,"C2",1307.35
"1210","4qdh",1,0,"C2",1359.3
"1211","1dt9",4,0,"C2",1340.2
"1212","4g0b",5,0,"C2",1333.05
"1213","6jod",12,0,"C2",1310.7
"1214","4n4a",3,0,"C2",1359.9
"1215","3b39",3,0,"C2",1362.6
"1216","2erc",1,0,"C2",1365.1
"1217","6ii0",7,0,"C2",1386.65
"1218","5ncs",1,0,"C2",1365.1
"1219","6h3s",1,0,"C2",1340.2
"1220","6jj4",4,0,"C2",1366.1
"1221","6ewi",3,0,"C2",1315.85
"1222","3kvb",1,0,"C2",1304.45
"1223","3aln",1,0,"C2",1389.8
"1224","2xiq",1,0,"C2",1344.5
"1225","5wtx",4,0,"C2",1382.4
"1226","4u9o",3,0,"C2",1315.7
"1227","2nub",6,0,"C2",1362.8
"1228","4ayg",2,0,"C2",1321.5
"1229","2wnh",2,0,"C2",1322.85
"1230","2pr8",3,0,"C2",1373.15
"1231","5imt",6,0,"C2",1353.9
"1232","6f6p",1,0,"C2",1338.05
"1233","2i91",1,0,"C2",1315.55
"1234","4fhl",2,0,"C2",1326.05
"1235","3t6n",4,0,"C2",1300.25
"1236","5oj8",3,0,"C2",1373.65
"1237","2uzj",8,0,"C2",1302.55
"1238","5wly",5,0,"C2",1300.95
"1239","4dq0",1,0,"C2",1377.4
"1240","3n5c",1,0,"C2",1458.5
"1241","3vh1",2,0,"C2",1411
"1242","3o51",5,0,"C2",1415.85
"1243","6ehg",10,0,"C2",1448.55
"1244","3zrt",1,0,"C2",1432.35
"1245","6as7",3,0,"C2",1477.55
"1246","4jc8",1,0,"C2",1422.6
"1247","5fn0",6,0,"C2",1436.85
"1248","6bi7",21,0,"C2",1499.9
"1249","6i04",3,0,"C2",1430.65
"1250","1br1",20,0,"C2",1407.7
"1251","1ici",5,0,"C2",1483.7
"1252","3rt0",1,0,"C2",1404.7
"1253","5yik",15,0,"C2",1495.9
"1254","6wrh",3,0,"C2",1476.95
"1255","3p4y",1,0,"C2",1453.15
"1256","4o03",1,0,"C2",1442.95
"1257","3lmn",8,0,"C2",1469.4
"1258","3s4r",7,0,"C2",1498.1
"1259","2pf4",5,0,"C2",1406
"1260","3bxx",1,0,"C2",1448.15
"1261","1gcj",1,0,"C2",1453.7
"1262","3eij",1,0,"C2",1410.8
"1263","5dyk",2,0,"C2",1457
"1264","4a64",5,0,"C2",1402.4
"1265","3npc",2,0,"C2",1446.05
"1266","4h6z",1,0,"C2",1419.35
"1267","3tgo",11,0,"C2",1405.95
"1268","5y4s",6,0,"C2",1446.85
"1269","5yp1",3,0,"C2",1417.7
"1270","3wbi",8,0,"C2",1437.5
"1271","4hne",6,0,"C2",1401.15
"1272","4a12",9,0,"C2",1477.65
"1273","5o8e",2,0,"C2",1451.6
"1274","5lb8",1,0,"C2",1452.05
"1275","3kt3",3,0,"C2",1419.25
"1276","2g3p",1,0,"C2",1410.3
"1277","5zhq",1,0,"C2",1449.7
"1278","4i1m",4,0,"C2",1420.3
"1279","4fna",6,0,"C2",1488.35
"1280","6a1z",5,0,"C2",1404.8
"1281","5xwm",1,0,"C2",1435.7
"1282","4lhc",2,0,"C2",1446.7
"1283","4u5k",1,0,"C2",1467.45
"1284","3p27",1,0,"C2",1466
"1285","1k1y",4,0,"C2",1482.05
"1286","3pim",1,0,"C2",1471.95
"1287","4cyj",12,0,"C2",1486
"1288","5igp",2,0,"C2",1413.95
"1289","5h7z",5,0,"C2",1493.2
"1290","2x2u",3,0,"C2",1457.95
"1291","1h3i",1,0,"C2",1461.85
"1292","1pcz",1,0,"C2",1448.6
"1293","6r2f",1,0,"C2",1455.2
"1294","6hzl",2,0,"C2",1466.05
"1295","6j09",5,0,"C2",1456.75
"1296","6aeg",3,0,"C2",1593.85
"1297","6beb",5,0,"C2",1524.9
"1298","5h13",1,0,"C2",1597.4
"1299","3c8x",2,0,"C2",1549.25
"1300","5ajn",3,0,"C2",1564.65
"1301","6eng",3,0,"C2",1572.45
"1302","3tpe",4,0,"C2",1511.6
"1303","1eku",1,0,"C2",1519.75
"1304","1mml",2,0,"C2",1578.05
"1305","6w25",2,0,"C2",1516
"1306","2ibm",4,0,"C2",1532.5
"1307","3smt",4,0,"C2",1548.8
"1308","6epp",2,0,"C2",1516.85
"1309","3cb2",1,0,"C2",1504.1
"1310","4zch",5,0,"C2",1566.1
"1311","5afb",2,0,"C2",1529.95
"1312","6dkk",6,0,"C2",1593.3
"1313","2ont",3,0,"C2",1541.7
"1314","1t3w",1,0,"C2",1531
"1315","6gzc",3,0,"C2",1561.1
"1316","5hb0",7,0,"C2",1513.45
"1317","6jtz",1,0,"C2",1581.15
"1318","1k9a",11,0,"C2",1584
"1319","3mlp",10,0,"C2",1555.8
"1320","4gc9",1,0,"C2",1581.7
"1321","5a1k",8,0,"C2",1522.05
"1322","1e6c",1,0,"C2",1554.4
"1323","4ft4",1,0,"C2",1586.35
"1324","4hj1",6,0,"C2",1515.7
"1325","6fpt",1,0,"C2",1501.25
"1326","4hc1",28,0,"C2",1597.9
"1327","4pz8",4,0,"C2",1569.7
"1328","2xer",3,0,"C2",1553.7
"1329","6hkw",16,0,"C2",1546.25
"1330","4rct",1,0,"C2",1570.75
"1331","3eb8",3,0,"C2",1551.2
"1332","1kcm",6,0,"C2",1515.65
"1333","4f7r",11,0,"C2",1599.85
"1334","3qb2",9,0,"C2",1531.2
"1335","5d9g",2,0,"C2",1563.3
"1336","3grl",1,0,"C2",1537.45
"1337","3ktm",12,0,"C2",1633.4
"1338","5gx8",1,0,"C2",1632.3
"1339","3g0f",1,0,"C2",1685
"1340","6gfk",3,0,"C2",1681.85
"1341","1rp5",3,0,"C2",1641.6
"1342","5y9h",6,0,"C2",1683.05
"1343","5nqz",11,0,"C2",1676.8
"1344","4w8p",5,0,"C2",1653.3
"1345","5f3k",1,0,"C2",1640.05
"1346","5knl",11,0,"C2",1622.95
"1347","5mio",5,0,"C2",1620.15
"1348","4cqo",7,0,"C2",1609.05
"1349","2yvq",2,0,"C2",1662.45
"1350","5dtm",1,0,"C2",1637.2
"1351","4w4j",5,0,"C2",1685.75
"1352","4rxj",2,0,"C2",1604.7
"1353","4g0a",16,0,"C2",1662.7
"1354","3aux",2,0,"C2",1640.1
"1355","3hy1",5,0,"C2",1693.35
"1356","3cpe",5,0,"C2",1687.15
"1357","6vjb",4,0,"C2",1660.35
"1358","6g20",4,0,"C2",1655
"1359","6r80",2,0,"C2",1667.2
"1360","5bqn",4,0,"C2",1643.6
"1361","1zcj",3,0,"C2",1694.85
"1362","5k4b",1,0,"C2",1664.6
"1363","4gtw",1,0,"C2",1634.95
"1364","6jdu",3,0,"C2",1676.35
"1365","4knh",1,0,"C2",1612.95
"1366","4gvl",7,0,"C2",1608.95
"1367","5lx8",1,0,"C2",1678.5
"1368","4m58",1,0,"C2",1612.45
"1369","4aqf",9,0,"C2",1675.85
"1370","1n0v",2,0,"C2",1733.85
"1371","5e5p",4,0,"C2",1768.4
"1372","3mt5",4,0,"C2",1795.65
"1373","6tka",4,0,"C2",1783.65
"1374","5yij",13,0,"C2",1760.05
"1375","6rrc",4,0,"C2",1782.75
"1376","5ytb",12,0,"C2",1752.15
"1377","4eib",6,0,"C2",1742.2
"1378","2ijd",5,0,"C2",1782.75
"1379","3dqv",12,0,"C2",1752.15
"1380","3pnd",8,0,"C2",1731.05
"1381","5gkx",4,0,"C2",1762.85
"1382","2gd5",1,0,"C2",1793.25
"1383","4npj",1,0,"C2",1790.6
"1384","6i97",1,0,"C2",1781.75
"1385","6iny",1,0,"C2",1746.55
"1386","4d94",2,0,"C2",1703.8
"1387","6iii",1,0,"C2",1738.15
"1388","5csa",6,0,"C2",1890.4
"1389","1m6b",2,0,"C2",1880.05
"1390","6eku",2,0,"C2",1872.5
"1391","4ju5",1,0,"C2",1817.9
"1392","5yij",5,0,"C2",1802.9
"1393","4c0p",1,0,"C2",1823.4
"1394","3ihr",3,0,"C2",1853.35
"1395","1ud0",7,0,"C2",1893.45
"1396","6g88",1,0,"C2",1895.1
"1397","5msn",1,0,"C2",1849.05
"1398","4red",8,0,"C2",1852.85
"1399","6pqn",5,0,"C2",1842.05
"1400","2q7d",1,0,"C2",1801.55
"1401","6p40",1,0,"C2",1806.05
"1402","2xj9",1,0,"C2",1867.05
"1403","2pn5",2,0,"C2",1825.25
"1404","1yln",1,0,"C2",1853.8
"1405","1taq",5,0,"C2",1939.7
"1406","3m7p",3,0,"C2",1982.45
"1407","3icw",3,0,"C2",1965.45
"1408","1hsj",1,0,"C2",1984.5
"1409","4ov8",5,0,"C2",1922.85
"1410","5y5w",17,0,"C2",1960.95
"1411","5zln",1,0,"C2",1947.25
"1412","3blc",3,0,"C2",1997.45
"1413","3a9i",1,0,"C2",1957.3
"1414","3enm",11,0,"C2",1908.9
"1415","4kxf",17,0,"C2",1999.25
"1416","3ihl",5,0,"C2",1927.85
"1417","5fgo",1,0,"C2",1964.15
"1418","2vx8",1,0,"C2",1995.1
"1419","6fnz",4,0,"C2",2084.7
"1420","1a17",6,0,"C2",2059.25
"1421","5onc",1,0,"C2",2096.8
"1422","5hay",1,0,"C2",2008.05
"1423","1juh",9,0,"C2",2081.8
"1424","2g45",2,0,"C2",2065.5
"1425","6cf6",1,0,"C2",2051
"1426","6np6",5,0,"C2",2074.7
"1427","5mqh",4,0,"C2",2099.25
"1428","4yh6",1,0,"C2",2056.85
"1429","1lee",3,0,"C2",2173.85
"1430","6g16",10,0,"C2",2197.05
"1431","4hhe",4,0,"C2",2156.95
"1432","1ku2",1,0,"C2",2164.65
"1433","6qsn",1,0,"C2",2134.55
"1434","3hie",3,0,"C2",2100.85
"1435","5oym",13,0,"C2",2277.25
"1436","3thn",1,0,"C2",2254.3
"1437","1j8f",5,0,"C2",2262.25
"1438","4red",1,0,"C2",2241.25
"1439","4ziq",3,0,"C2",2356.45
"1440","5xq1",1,0,"C2",2357.45
"1441","3mgc",2,0,"C2",2376.75
"1442","4c0s",1,0,"C2",2378.45
"1443","2vsc",4,0,"C2",2430.25
"1444","5yim",2,0,"C2",2442.5
"1445","5k5t",1,0,"C2",2429.65
"1446","6bb8",2,0,"C2",2476
"1447","1t1e",2,0,"C2",2582.8
"1448","2xdp",6,0,"C2",2595.95
"1449","4h6u",1,0,"C2",2569.55
"1450","2qyu",1,0,"C2",2559
"1451","3dd9",1,0,"C2",2599.6
"1452","4gew",4,0,"C2",2502.35
"1453","1k46",1,0,"C2",2544.4
"1454","1cx8",2,0,"C2",2619.45
"1455","6dkk",1,0,"C2",2652.7
"1456","4w8c",6,0,"C2",2615.05
"1457","5igh",2,0,"C2",2601.1
"1458","5gyr",7,0,"C2",2614.6
"1459","3u8z",2,0,"C2",2784.6
"1460","3ufe",1,0,"C2",2753.6
"1461","5crc",1,0,"C2",2885.8
"1462","5dzm",3,0,"C2",2809.05
"1463","4w8j",6,0,"C2",2826.9
"1464","5cb2",3,0,"C2",2806.95
"1465","5mus",1,0,"C2",3030.95
"1466","5ex9",2,0,"C2",3084.6
"1467","3a44",1,0,"C2",3173.85
"1468","5xpu",3,0,"C2",3148.15
"1469","3kph",1,0,"C2",3290.05
"1470","6fb3",1,0,"C2",3266.65
"1471","2io3",12,0,"C2",3379.3
"1472","6jsd",1,0,"C2",3372.35
"1473","1kix",3,0,"C2",3379.3
"1474","2xss",2,0,"C2",3333.25
"1475","3k55",9,0,"C2",3362.8
"1476","6bm9",1,0,"C2",3485.8
"1477","3die",1,0,"C2",3559.45
"1478","6ii0",6,0,"C2",3710.7
"1479","5hb4",7,0,"C2",3824.85
"1480","6fhm",1,0,"C2",3951.15
"1481","4u59",2,0,"C2",4418.15
"1482","3bdl",3,0,"C2",4640.8
"1483","5zyo",2,0,"C2",4721.9
"1484","4pbc",1,0,"C2",4841.6
"1485","2znh",1,0,"C2",5463
"1486","5e6m",3,0,"C2",1004.45
"1487","5k93",1,0,"C2",1046.45
"1488","1nft",2,0,"C2",1035.85
"1489","1m6u",9,0,"C2",1096.3
"1490","3nyl",3,0,"C2",1017.2
"1491","4rb0",7,0,"C2",1016.9
"1492","5mzo",2,0,"C2",1053.2
"1493","3wxm",3,0,"C2",1028.25
"1494","1alu",1,0,"C2",1018.55
"1495","4fqn",1,0,"C2",1000.7
"1496","6gjq",3,0,"C2",1008.9
"1497","5wme",5,0,"C2",1056
"1498","6jol",2,0,"C2",1033.85
"1499","6r2s",8,0,"C2",1042.95
"1500","4x94",4,0,"C2",1010.95
"1501","4ytv",3,0,"C2",1025.7
"1502","5omn",2,0,"C2",1086.75
"1503","5uos",1,0,"C2",1054.3
"1504","5l7d",1,0,"C2",1052.15
"1505","1tf5",1,0,"C2",1054.95
"1506","1k6i",3,0,"C2",1038.25
"1507","2rhj",1,0,"C2",1069.55
"1508","4aw3",1,0,"C2",1002.15
"1509","1v4t",4,0,"C2",1026
"1510","1wac",4,0,"C2",1086.95
"1511","6o8b",4,0,"C2",1052.25
"1512","6h4h",10,0,"C2",1088.15
"1513","1fu1",8,0,"C2",1000.15
"1514","4q7j",22,0,"C2",1040.15
"1515","5mat",1,0,"C2",1023.1
"1516","6pkc",4,0,"C2",1085.6
"1517","5c9v",3,0,"C2",1059.8
"1518","2xbf",2,0,"C2",1022.1
"1519","4qds",1,0,"C2",1015.2
"1520","3a1d",5,0,"C2",1096.05
"1521","2rdi",2,0,"C2",1054.2
"1522","2j3s",1,0,"C2",1050.85
"1523","1t1l",1,0,"C2",1002.5
"1524","4iry",1,0,"C2",1096.6
"1525","4bla",10,0,"C2",1053.05
"1526","6qgs",17,0,"C2",1064.75
"1527","3tsw",4,0,"C2",1059.6
"1528","5lta",3,0,"C2",1069.9
"1529","3bxz",1,0,"C2",1019.55
"1530","2f9q",2,0,"C2",1017.5
"1531","4l3q",1,0,"C2",1034.5
"1532","2o7m",6,0,"C2",1016.5
"1533","1nft",1,0,"C2",1068.95
"1534","2ffv",3,0,"C2",1097.2
"1535","5y9h",4,0,"C2",1081.4
"1536","4ccf",7,0,"C2",1026.1
"1537","1b23",4,0,"C2",1034.9
"1538","1psa",1,0,"C2",1041.45
"1539","5b3z",1,0,"C2",1035.55
"1540","3u8z",10,0,"C2",1008.35
"1541","5f74",2,0,"C2",1085.05
"1542","3nc1",5,0,"C2",1032.65
"1543","4lo5",2,0,"C2",1009.85
"1544","2b8h",6,0,"C2",1047.8
"1545","6otn",2,0,"C2",1005.3
"1546","4ex4",1,0,"C2",1070.4
"1547","5ztf",1,0,"C2",1077
"1548","2ahm",21,0,"C2",1079.3
"1549","1ku2",4,0,"C2",1036.1
"1550","4nif",2,0,"C2",1048.05
"1551","5eqf",7,0,"C2",1051.85
"1552","4pwz",1,0,"C2",1041.55
"1553","1o92",2,0,"C2",1002.25
"1554","2dh6",1,0,"C2",1050.9
"1555","4pln",1,0,"C2",1003.45
"1556","3zyl",1,0,"C2",1057.7
"1557","3jw0",13,0,"C2",1021.85
"1558","5coa",3,0,"C2",1081.45
"1559","1pd5",26,0,"C2",1045.2
"1560","5hpk",5,0,"C2",1061.3
"1561","5jrh",1,0,"C2",1096.95
"1562","2qxl",1,0,"C2",1030.1
"1563","6mxd",2,0,"C2",1011.9
"1564","5qsl",2,0,"C2",1015.4
"1565","3wkl",2,0,"C2",1052.9
"1566","4bq8",3,0,"C2",1036.15
"1567","4c5g",6,0,"C2",1026
"1568","1zbh",2,0,"C2",1030.55
"1569","1ors",10,0,"C2",1070.6
"1570","6orf",1,0,"C2",1007.75
"1571","5l40",2,0,"C2",1064.15
"1572","5fjz",4,0,"C2",1016.05
"1573","1rk4",1,0,"C2",1094.9
"1574","6lnp",1,0,"C2",1067.75
"1575","4b87",1,0,"C2",1086.15
"1576","6fjv",2,0,"C2",1038
"1577","4q5y",1,0,"C2",1030.9
"1578","5l7n",1,0,"C2",1039.2
"1579","3vdu",4,0,"C2",1054.85
"1580","6qq2",2,0,"C2",1078.4
"1581","4paa",1,0,"C2",1059.95
"1582","1fdj",11,0,"C2",1033.55
"1583","5kz6",1,0,"C2",1036.6
"1584","3mlo",3,0,"C2",1038.5
"1585","5xbi",1,0,"C2",1065.3
"1586","2f1m",2,0,"C2",1051.75
"1587","5lj8",3,0,"C2",1086.35
"1588","3mg9",3,0,"C2",1052.55
"1589","6g8t",3,0,"C2",1044.15
"1590","4wzh",4,0,"C2",1026.25
"1591","4g1l",10,0,"C2",1021.35
"1592","5ca9",6,0,"C2",1071.4
"1593","3uen",5,0,"C2",1007.75
"1594","4zlp",4,0,"C2",1041.6
"1595","5gus",1,0,"C2",1041.25
"1596","4zai",4,0,"C2",1011.9
"1597","6d2s",6,0,"C2",1018.2
"1598","2xeq",5,0,"C2",1045.85
"1599","5na8",5,0,"C2",1069.05
"1600","2yaz",6,0,"C2",1069.45
"1601","3b7m",6,0,"C2",1010.7
"1602","1u2j",24,0,"C2",1077.9
"1603","3k44",21,0,"C2",1073.1
"1604","1gxd",4,0,"C2",1009.05
"1605","4k5s",1,0,"C2",1097.3
"1606","4knh",4,0,"C2",1050.65
"1607","1fcf",6,0,"C2",1017.5
"1608","2wnh",5,0,"C2",1065.4
"1609","3fg6",42,0,"C2",1017.2
"1610","1pxv",1,0,"C2",1033.2
"1611","2xeq",1,0,"C2",1008.75
"1612","2hb0",1,0,"C2",1053
"1613","5iu2",1,0,"C2",1076.6
"1614","6vdd",2,0,"C2",1037.4
"1615","1vg9",2,0,"C2",1050.65
"1616","4f7o",1,0,"C2",1068.3
"1617","1e0r",2,0,"C2",1088.2
"1618","3pfy",4,0,"C2",1046.2
"1619","3hgv",3,0,"C2",1075.7
"1620","5zmd",1,0,"C2",1074.65
"1621","3ro8",19,0,"C2",1092.4
"1622","1g68",1,0,"C2",1036.5
"1623","3ani",1,0,"C2",1098.45
"1624","3ut0",7,0,"C2",1031.2
"1625","5c3q",18,0,"C2",1042.3
"1626","2jbx",1,0,"C2",1016.4
"1627","4mko",2,0,"C2",1028.55
"1628","5ho9",4,0,"C2",1022.7
"1629","4kkd",1,0,"C2",928.4
"1630","5y2f",2,0,"C2",976.55
"1631","4zdu",4,0,"C2",937.3
"1632","5f5r",2,0,"C2",905
"1633","4i8c",13,0,"C2",989.9
"1634","4czm",1,0,"C2",945.25
"1635","1syq",8,0,"C2",958.15
"1636","1si5",3,0,"C2",914.95
"1637","5mfa",3,0,"C2",960.95
"1638","4gml",1,0,"C2",935.5
"1639","3l9n",5,0,"C2",930.85
"1640","3aad",12,0,"C2",912.25
"1641","1or3",7,0,"C2",904.2
"1642","1xrc",5,0,"C2",808.2
"1643","6mav",7,0,"C2",800.85
"1644","3wgn",3,0,"C2",814.5
"1645","3oym",4,0,"C2",834.45
"1646","2f1z",5,0,"C2",832.05
"1647","4nxw",2,0,"C2",835.3
"1648","2i7p",1,0,"C2",885.5
"1649","4gdy",11,0,"C2",832.65
"1650","1ggt",10,0,"C2",846.55
"1651","2iut",6,0,"C2",802
"1652","6b5q",7,0,"C2",875.25
"1653","5jk9",1,0,"C2",889.85
"1654","6fwt",2,0,"C2",860.8
"1655","1i49",3,0,"C2",841.75
"1656","6i3j",3,0,"C2",898
"1657","5crb",1,0,"C2",893.55
"1658","5y3e",2,0,"C2",879.45
"1659","6nfl",3,0,"C2",877
"1660","5j1f",4,0,"C2",874.35
"1661","4hd0",5,0,"C2",816.75
"1662","4g37",4,0,"C2",772.9
"1663","6kc6",7,0,"C2",705.15
"1664","3rmk",3,0,"C2",745.5
"1665","2w68",11,0,"C2",720.9
"1666","4pyz",1,0,"C2",793.05
"1667","2d4h",1,0,"C2",777.8
"1668","3al9",1,0,"C2",773.55
"1669","3sti",6,0,"C2",743.7
"1670","6qpp",2,0,"C2",619.25
"1671","1khx",2,0,"C2",603.95
"1672","5tdq",2,0,"C2",637
"1673","3lqe",5,0,"C2",646.5
"1674","4ikm",1,0,"C2",628.85
"1675","3ret",7,0,"C2",622.55
"1676","1nf7",4,0,"C2",530.5
"1677","5kyn",7,0,"C2",563.35
