pdb,F_I-sc,F_fa-dun,F_fa-intra-rep,F_fa-intra-sol-xover4
1a17_6,-107.119,845.484,4.148,73.134
1a3a_1,-38.209,576.439,3.226,65.512
1a7g_1,-70.298,345.238,2.619,34.598
1ac6_1,-27.398,708.378,2.518,39.331
1afw_1,-165.351,2549.223,15.243,155.975
1ail_1,-52.214,386.349,1.767,32.84
1aiz_1,-27.475,651.543,2.816,47.778
1alu_1,-50.679,890.238,4.425,63.601
1aoh_1,-34.643,508.313,3.197,54.709
1azt_1,-32.662,1619.326,8.002,155.886
1azw_1,-22.786,1949.556,7.861,137.731
1b0w_1,-39.791,592.051,2.733,41.072
1b23_4,-31.221,2244.592,10.048,158.621
1b78_1,-66.525,1618.815,6.605,93.401
1bgf_1,-67.233,581.514,3.5,63.678
1bhm_1,-46.58,1415.615,8.172,87.23
1bjj_9,-13.409,1084.482,4.026,61.582
1bjt_1,-107.789,3854.072,18.727,314.727
1bp6_1,-24.567,1973.692,8.674,156.204
1br1_20,-40.779,18596.725,1557.243,575.915
1bs2_4,-34.412,3283.76,18.018,291.25
1bws_1,-19.426,2176.139,10.673,133.155
1bww_1,-45.399,505.674,2.488,37.306
1c16_14,-46.089,1546.153,8.427,109.925
1c3g_1,-20.956,1254.334,6.125,73.393
1cd0_1,-40.092,384.184,2.397,45.967
1cd8_1,-54.754,561.503,2.42,43.054
1cdt_1,-25.182,583.798,1.65,20.034
1cp2_1,-46.682,1466.573,6.595,105.215
1cx8_2,-74.246,4265.127,20.267,300.997
1cyy_5,-35.518,1136.473,6.596,94.571
1d1t_4,-112.822,1493.377,8.376,124.379
1d5w_2,-34.561,500.902,3.194,48.59
1dd7_1,-33.521,1682.395,7.957,149.331
1dgk_1,-54.064,4914.548,23.265,375.841
1dov_3,-64.011,771.561,5.303,75.154
1dp4_1,-35.017,1727.195,10.152,174.354
1dp4_2,-37.172,1673.388,9.792,168.007
1dt9_4,-21.423,3444.772,16.162,193.201
1dvr_1,-33.246,1267.957,5.745,93.232
1e0r_2,-54.841,900.958,3.853,61.413
1e59_1,-50.146,1029.393,6.115,110.795
1e6c_1,-107.047,817.936,3.814,58.461
1e7n_1,-53.998,388.094,2.087,40.187
1e85_1,-35.091,399.926,2.726,47.113
1ecx_1,-22.544,1598.387,10.463,156.667
1eeq_1,-38.087,367.017,2.565,41.872
1eku_1,-55.737,1689.527,8.593,148.505
1eqw_2,-32.982,564.52,2.901,49.771
1erv_1,-26.299,496.93,2.84,41.477
1esr_1,-28.31,553.611,3.616,33.983
1ewj_2,-66.51,967.318,3.428,48.769
1ex2_1,-31.155,831.431,4.604,82.55
1f1c_1,-30.588,548.122,3.302,55.188
1f1g_2,-51.446,588.019,3.099,57.546
1f1j_5,-21.628,1293.252,5.814,106.681
1fcf_6,-33.284,3019.263,14.095,141.618
1fdj_11,-31.051,1909.903,8.944,151.443
1fe0_1,-21.099,189.081,1.367,22.613
1fp3_2,-84.887,3387.553,14.292,208.213
1fp5_1,-46.38,1008.458,5.217,76.825
1fpq_1,-201.84,1488.794,8.146,122.589
1fr1_1,-42.584,2489.8,9.524,142.469
1fse_3,-28.393,466.048,2.363,30.742
1fu1_8,-27.469,1329.629,5.596,104.105
1fux_1,-39.641,802.704,3.408,53.29
1fvp_1,-64.907,2440.999,6.721,118.549
1fzv_1,-89.153,436.677,2.462,37.754
1g68_1,-41.538,872.742,5.88,98.928
1g73_7,-46.476,895.137,4.436,76.238
1gam_1,-24.821,695.601,2.806,39.328
1gan_1,-43.158,735.099,3.135,45.45
1gcj_1,-54.552,2340.233,12.14,203.247
1ggt_10,-31.687,5810.286,22.46,342.912
1gmz_1,-27.445,607.539,4.007,45.287
1gxd_4,-23.733,5311.255,28.563,297.379
1gyl_1,-26.24,3981.254,13.874,154.8
1gyo_1,-51.242,471.152,2.096,46.859
1h0x_1,-36.7,510.333,2.893,33.355
1h1y_1,-59.707,750.177,4.717,81.774
1h3i_1,-68.594,1782.91,7.934,113.314
1ha4_1,-30.974,402.203,2.68,40.891
1hjr_1,-51.199,1601.624,4.591,60.455
1hlc_1,-35.944,848.342,2.977,56.722
1hq8_1,-66.755,524.244,2.901,48.835
1hsj_1,-95.796,3018.73,16.209,241.77
1hux_1,-29.471,1373.736,7.532,90.061
1hy3_1,-30.006,1277.875,7.462,146.606
1i49_3,-27.529,1407.352,5.907,92.557
1i74_1,-55.97,1527.868,8.509,132.912
1ibd_1,-42.566,555.351,2.827,52.443
1ici_5,-50.232,1164.503,6.085,106.562
1ii2_1,-41.118,1744.434,11.572,202.776
1iiw_1,-48.275,1049.686,5.59,77.121
1ijy_1,-43.306,463.111,2.565,53.985
1iqc_1,-113.563,1223.316,7.006,139.632
1is3_1,-56.866,625.032,2.945,57.02
1iug_1,-74.54,1988.754,9.57,140.483
1ivl_1,-42.763,703.02,2.76,36.112
1ix9_1,-45.085,679.765,4.141,88.527
1ixq_2,-59.516,1317.724,6.18,102.583
1iyz_1,-25.682,1192.058,7.269,95.867
1j1i_1,-59.008,1124.395,6.824,114.371
1j36_3,-31.91,3896.984,18.414,312.812
1j8b_1,-60.951,547.171,2.255,42.736
1j8f_5,-108.338,1382.967,9.406,136.674
1jbg_1,-64.98,794.828,3.435,53.452
1jhe_1,-39.146,624.505,3.144,54.073
1jil_1,-55.48,1781.432,9.044,157.608
1jm0_2,-52.839,297.573,1.543,25.735
1jog_2,-52.988,1174.002,5.385,65.619
1jqj_9,-40.91,2558.973,12.192,152.591
1jr9_1,-36.603,1433.774,6.204,96.934
1jrk_1,-87.241,746.633,4.718,60.214
1juh_9,-102.235,1018.129,6.857,128.54
1jye_1,-25.151,850.351,6.294,96.694
1jzo_1,-71.536,756.387,4.672,85.673
1k1y_4,-41.189,3681.557,18.774,317.025
1k46_1,-68.941,448.221,2.989,48.816
1k6i_3,-38.23,1373.516,7.885,130.136
1k9a_11,-64.481,2248.249,12.035,173.492
1kcm_6,-58.449,1334.071,6.873,126.438
1kez_1,-45.033,1564.203,5.54,104.77
1kho_1,-50.956,1678.553,8.404,170.932
1khx_2,-23.426,962.359,5.168,80.337
1kie_1,-47.364,1259.916,8.555,132.885
1kix_3,-137.487,1990.696,11.59,202.368
1ks2_1,-46.427,687.499,4.992,71.629
1ktn_1,-35.529,790.604,5.384,91.921
1ku2_1,-61.495,1451.581,7.594,120.62
1ku2_4,-54.066,1586.81,7.62,120.144
1kut_1,-52.12,1436.341,7.269,97.158
1kvo_2,-21.543,651.847,2.794,54.043
1l7c_5,-59.91,1095.913,5.962,96.04
1lee_3,-70.672,1674.009,9.032,132.75
1lkv_6,-55.109,1838.779,6.299,106.155
1lvb_5,-76.336,1190.305,6.068,91.991
1lws_4,-36.526,3963.026,17.73,201.063
1lyn_1,-35.972,1103.708,4.82,56.286
1m08_1,-22.027,661.619,3.294,69.664
1m2a_1,-36.338,448.76,2.746,38.933
1m6b_2,-55.036,5106.344,12.92,227.497
1m6u_9,-35.615,1394.233,7.402,122.452
1mft_1,-52.538,335.629,1.562,28.529
1mi8_1,-39.669,856.831,4.052,53.654
1mml_2,-63.472,1559.701,7.536,103.673
1mp9_1,-55.882,767.683,5.116,75.163
1mqd_4,-45.106,937.845,6.2,100.913
1mvh_1,-37.161,1332.718,6.826,116.107
1my6_1,-44.91,863.216,4.173,84.607
1my7_1,-41.987,407.264,2.366,42.394
1n0v_2,-67.73,4296.286,24.137,320.989
1nf7_4,-23.599,3051.574,14.505,196.832
1nfs_1,-48.661,921.808,4.495,74.968
1nft_1,-42.665,1838.971,7.544,138.153
1nft_2,-45.651,1876.76,7.604,136.98
1np6_1,-174.996,887.816,3.35,69.492
1np8_1,-29.363,721.778,4.247,75.138
1ns5_1,-63.436,720.384,3.745,65.31
1nvt_1,-85.587,1368.2,8.194,121.209
1nzi_1,-61.575,626.894,3.474,74.343
1o12_1,-63.12,2021.746,10.629,155.539
1o64_1,-72.347,1000.214,5.332,80.8
1o6d_2,-75.051,764.039,4.07,62.827
1o92_2,-41.737,2275.634,11.27,142.697
1obb_1,-70.756,2202.146,12.803,223.213
1ohq_1,-58.667,578.339,2.211,36.958
1okj_1,-50.99,934.165,5.399,86.515
1or3_7,-24.945,1027.665,3.903,59.821
1ors_10,-44.192,618.688,5.12,52.662
1ov4_1,-39.6,1437.069,8.131,131.22
1ovn_1,-43.928,1089.27,8.205,97.321
1oya_1,-42.476,2221.865,9.837,193.573
1p35_11,-37.169,1747.329,8.344,135.978
1p8l_1,-43.075,2433.987,7.417,120.617
1pcz_1,-74.538,1119.848,6.094,77.72
1pd5_26,-18.956,1758.404,8.314,104.245
1poe_1,-17.416,1349.23,4.671,56.553
1pp3_2,-24.95,649.832,4.073,69.958
1prx_1,-176.945,1186.061,5.53,92.226
1psa_1,-24.63,2021.552,6.925,102.94
1psq_1,-55.041,822.708,4.333,63.702
1pxv_1,-28.978,755.245,4.057,81.734
1q1e_2,-49.777,2447.09,11.115,145.656
1q1n_1,-47.816,2100.949,11.248,136.715
1q4j_1,-26.227,1229.364,5.533,104.263
1q7s_3,-57.249,561.773,2.894,47.207
1q98_1,-44.31,755.279,3.946,65.278
1qex_1,-79.546,1145.277,7.604,99.949
1qex_6,-49.717,1168.57,7.574,99.366
1qg7_1,-62.365,453.789,3.037,30.568
1qhm_4,-26.685,3596.287,18.92,274.387
1qhq_3,-26.96,414.054,2.561,44.335
1qkd_1,-20.067,412.67,1.613,29.305
1qmj_1,-44.652,682.331,2.896,53.905
1qpg_1,-35.375,2087.612,11.088,160.345
1qq7_1,-132.293,774.271,5.515,96.374
1qrd_1,-20.816,1741.795,6.557,112.857
1qto_1,-130.156,523.993,2.667,47.551
1qvt_19,-17.376,1470.124,6.494,102.913
1qvw_1,-32.339,886.957,5.533,95.403
1qxh_1,-42.113,570.644,4.064,61.4
1qya_1,-60.202,1379.065,5.764,106.657
1r5q_2,-58.6,448.896,2.714,44.836
1r7j_1,-83.405,283.469,2.084,37.107
1rcw_2,-57.388,1443.527,4.867,95.512
1rfy_1,-77.746,238.026,2.126,34.738
1rk4_1,-70.164,968.33,4.674,91.739
1rkr_5,-26.209,762.545,2.693,53.159
1rp5_3,-44.135,3538.237,48.765,280.818
1rpa_1,-64.589,3146.519,11.551,176.446
1rtv_1,-28.142,1272.104,6.846,80.599
1rz6_2,-50.035,1209.372,6.892,121.3
1s9c_6,-73.955,1297.458,7.502,101.497
1s9p_1,-59.714,1081.324,9.249,92.453
1s9p_5,-35.658,1079.856,9.252,95.435
1se8_1,-23.347,1220.28,4.374,89.262
1sfl_1,-62.32,1270.352,7.065,111.479
1sfr_4,-40.907,1142.059,6.294,107.905
1si5_3,-41.466,1130.479,5.114,76.144
1slb_2,-48.483,676.164,3.201,55.303
1som_1,-21.693,2728.434,13.63,236.615
1srr_1,-35.053,926.514,5.394,61.434
1sw2_4,-38.058,1890.781,6.525,124.89
1sxs_1,-53.815,521.708,3.216,51.575
1syq_8,-39.092,1998.083,7.995,104.953
1t0i_1,-72.012,1114.304,4.956,70.233
1t1e_2,-96.55,1669.301,11.131,184.276
1t1l_1,-30.138,2881.548,13.949,177.404
1t3w_1,-110.874,1411.376,3.612,66.296
1taq_5,-32.538,13839.419,1180.578,512.723
1tf5_1,-37.42,4296.724,22.751,385.815
1tfg_1,-77.358,574.242,2.801,48.159
1tmk_1,-65.682,1114.847,5.721,93.486
1to0_3,-63.012,858.157,4.628,70.484
1to4_1,-48.603,393.29,2.425,48.753
1tvd_1,-50.114,534.763,2.694,42.559
1txn_1,-101.119,1034.837,6.125,116.949
1tz3_1,-39.807,1491.155,9.074,114.385
1u07_1,-88.617,404.748,1.98,35.885
1u20_1,-90.669,827.395,4.372,98.278
1u2j_24,-44.454,2517.616,12.549,130.26
1u3z_1,-46.155,470.449,2.327,45.906
1u4m_1,-66.771,213.545,1.527,26.292
1uat_2,-31.58,691.258,2.518,45.524
1ud0_7,-67.496,491.998,2.484,39.926
1udv_1,-40.123,424.882,2.676,45.734
1uer_2,-50.238,1118.096,5.658,93.333
1ujk_3,-38.073,590.666,3.729,68.706
1ujn_1,-60.311,1181.59,8.075,124.28
1ukg_1,-54.737,768.649,5.097,87.815
1uou_1,-60.143,2302.216,8.241,150.516
1usm_1,-47.826,272.645,1.719,40.611
1uvz_3,-20.227,810.185,2.223,44.545
1v2a_1,-67.659,1267.172,6.911,112.342
1v2z_1,-46.789,690.788,2.502,47.493
1v4t_4,-35.202,3061.471,13.868,206.254
1v4v_1,-86.634,1570.511,9.614,153.125
1v98_2,-20.815,317.458,3.288,37.703
1vez_2,-52.624,713.293,4.477,72.918
1vg9_2,-53.937,2581.409,13.337,225.615
1vh0_8,-68.164,1048.136,4.609,76.225
1vic_7,-43.598,987.304,6.273,111.05
1vok_6,-34.712,1122.387,6.052,80.236
1vpl_1,-21.969,1102.722,5.753,96.464
1vqu_1,-67.305,1394.321,6.465,102.035
1vr0_1,-66.431,1220.756,5.749,91.8
1wac_4,-24.166,4223.745,25.892,295.296
1wlg_3,-58.874,1189.296,5.299,109.721
1wn2_1,-68.872,473.177,3.017,48.741
1wtc_1,-27.406,1139.088,8.2,127.383
1wwp_1,-45.554,703.712,3.191,55.185
1x1p_3,-42.225,1184.139,5.985,95.655
1xef_2,-60.239,1222.749,5.179,101.642
1xew_4,-46.587,611.223,4.128,54.341
1xi1_1,-43.818,3028.816,17.204,231.784
1xi3_1,-52.839,640.903,4.177,77.963
1xkv_1,-31.876,2127.471,13.122,225.909
1xkz_2,-29.394,1055.741,5.291,114.138
1xrc_5,-28.941,2922.49,10.615,167.419
1xre_1,-41.291,1022.012,4.51,91.949
1xso_1,-55.567,639.264,2.772,48.732
1xsv_1,-68.185,523.341,2.979,62.702
1xty_2,-51.388,412.315,2.989,47.58
1xub_1,-28.864,894.827,5.622,99.759
1xuq_1,-41.353,900.612,3.91,94.389
1xur_1,-73.372,579.019,3.76,70.983
1xvq_2,-21.488,436.246,3.282,46.899
1xwb_5,-33.838,620.276,3.454,41.302
1y67_1,-42.575,783.822,3.753,87.347
1y6h_3,-60.829,737.378,4.699,79.14
1y7h_2,-40.098,1387.622,6.619,117.006
1y7y_1,-57.966,239.804,2.162,29.257
1yad_2,-42.88,747.456,4.873,83.903
1yae_9,-49.447,2408.333,7.478,112.778
1ybz_2,-140.629,246.85,1.949,35.499
1ye5_1,-72.034,634.864,4.232,64.885
1yem_1,-67.582,805.586,4.037,73.765
1yln_1,-77.901,1012.32,6.25,97.138
1ysj_1,-63.964,1523.788,7.287,145.067
1yv9_1,-24.385,1214.11,7.228,100.345
1yvl_4,-17.647,5153.169,24.986,326.862
1z72_1,-61.25,875.051,4.761,102.119
1z9p_1,-42.631,520.403,2.918,57.799
1zbh_2,-41.002,1780.777,6.247,126.283
1zbr_1,-49.544,2100.645,9.15,163.62
1zc6_1,-31.867,1291.911,5.808,96.473
1zcj_3,-50.281,2279.992,12.631,187.264
1zh2_1,-52.912,651.137,3.154,48.888
1zjj_1,-71.807,1225.02,7.415,107.203
1zlj_1,-26.676,366.025,1.649,27.192
1zp7_1,-56.156,908.096,4.239,77.638
1zsz_1,-44.986,424.636,2.725,47.366
1zxk_1,-95.253,466.384,2.052,38.362
1zy2_1,-35.752,831.323,5.993,60.596
1zzh_2,-49.059,1382.066,7.847,120.469
2a4a_3,-57.407,1097.03,5.237,95.109
2a67_2,-36.987,770.901,3.712,63.95
2a8f_1,-33.479,284.659,1.82,25.671
2ac1_3,-38.696,2385.584,13.842,241.484
2aca_1,-61.388,962.242,4.738,83.553
2ahm_21,-43.787,728.512,3.94,67.507
2ajq_9,-50.412,3733.295,19.714,340.155
2aps_1,-49.507,637.681,2.94,60.439
2ar8_1,-32.512,2212.08,11.392,227.77
2axi_3,-21.486,627.715,3.997,45.306
2b0u_18,-30.565,1730.389,7.41,96.503
2b5a_1,-82.545,273.071,1.789,34.444
2b7l_1,-46.38,720.368,4.368,70.407
2b8h_6,-42.98,1644.956,8.373,169.642
2bbh_4,-71.915,1147.258,5.497,105.843
2bde_2,-34.567,3305.088,15.465,239.126
2bdm_2,-44.66,2124.407,12.934,202.193
2bdq_1,-59.249,1075.093,5.924,94.301
2bej_1,-51.818,1123.861,4.68,85.177
2bhm_2,-38.459,567.735,3.437,48.715
2bho_1,-82.159,885.246,3.168,54.42
2bm5_1,-75.912,750.45,4.01,69.783
2bpd_1,-37.109,544.574,2.64,60.143
2brv_1,-19.712,8995.053,295.83,355.175
2c2x_1,-103.778,1210.953,6.65,100.652
2c9s_1,-52.491,587.535,2.851,54.695
2cc3_1,-35.337,856.374,3.045,57.267
2cd0_1,-30.804,379.897,2.301,41.696
2ctx_1,-39.398,449.376,3.554,28.224
2cw2_1,-53.023,1163.549,4.869,82.964
2cw3_1,-41.046,1270.209,4.936,93.27
2cx4_1,-46.064,1083.84,4.661,77.155
2d13_2,-52.681,951.517,5.954,78.68
2d4h_1,-19.104,2186.402,7.305,123.888
2dc4_1,-67.564,698.42,4.552,80.075
2dh6_1,-29.171,2202.871,11.064,142.974
2dou_1,-86.698,1683.798,10.584,147.98
2dpf_1,-104.971,397.03,2.57,44.737
2dql_1,-69.543,446.576,3.055,57.514
2dsj_1,-75.565,1432.46,9.044,163.83
2dvn_1,-26.951,691.884,5.046,82.623
2dwu_1,-58.769,1018.901,7.191,107.592
2dwy_6,-59.595,718.983,3.0,47.461
2e1d_1,-35.357,1156.301,7.568,137.108
2e2c_1,-31.104,716.119,3.453,68.852
2e46_1,-53.097,1061.468,5.409,60.375
2eav_1,-27.96,843.699,4.789,67.379
2ebb_1,-49.539,372.164,2.409,49.466
2ecf_1,-69.812,3248.135,19.305,306.723
2egu_3,-64.931,1068.88,5.995,90.965
2ejn_1,-72.83,517.559,2.952,54.749
2ekz_1,-26.775,580.393,3.872,68.218
2eo0_1,-53.06,799.759,4.096,59.97
2erc_1,-35.665,1889.737,10.859,145.316
2ew2_1,-79.809,1272.363,6.268,118.413
2ewt_1,-47.605,254.084,1.56,29.117
2f00_1,-58.885,2524.337,10.088,195.216
2f1m_2,-35.48,1413.64,4.96,78.807
2f1z_5,-24.35,4440.235,18.441,241.415
2f5e_1,-83.623,572.285,3.593,61.908
2f6s_1,-45.891,1143.919,4.524,87.507
2f96_1,-71.333,799.673,4.234,74.789
2f9q_2,-28.983,3763.201,12.757,193.963
2f9q_3,-43.449,3917.704,12.842,192.844
2fca_1,-47.008,1067.114,4.005,87.536
2fco_1,-52.272,544.845,3.618,65.732
2ffv_3,-32.991,2879.271,15.035,228.608
2fhq_1,-67.867,745.307,3.079,53.052
2fj2_2,-41.364,679.701,3.137,29.675
2fn1_1,-52.806,1794.434,8.199,163.94
2fuc_1,-71.953,1105.101,6.351,111.076
2fv7_1,-25.832,1027.337,5.697,94.091
2g0h_1,-24.67,2029.926,7.776,125.14
2g3k_8,-36.603,778.728,2.844,38.576
2g3p_1,-56.021,965.225,4.179,80.549
2g45_2,-125.925,420.675,2.655,51.574
2g7p_1,-64.182,2001.854,11.786,187.297
2gd5_1,-72.208,1098.7,5.64,67.798
2gff_1,-105.28,408.93,2.127,41.849
2goj_1,-54.624,888.054,4.092,83.346
2gpc_1,-43.588,770.47,3.755,76.145
2gs2_1,-58.845,1526.415,8.514,132.358
2gsl_3,-51.074,777.379,4.018,62.189
2gwh_1,-40.89,1253.118,5.835,135.255
2gz6_1,-23.454,1778.975,9.011,173.859
2h2w_1,-65.225,1320.424,7.589,118.156
2h8k_1,-40.619,1268.001,9.615,109.165
2h9u_1,-43.039,414.689,2.8,47.372
2ha7_1,-20.234,2594.43,10.808,212.229
2hb0_1,-38.701,2016.365,8.558,125.739
2hjd_1,-72.359,326.05,2.123,34.821
2hk3_1,-60.973,2244.397,7.202,150.251
2hku_1,-69.787,986.576,4.234,63.72
2hng_1,-67.674,512.156,2.758,57.687
2hzb_1,-66.678,1693.825,8.316,119.884
2i45_4,-78.4,665.723,2.78,39.805
2i5p_1,-124.507,1148.186,7.823,117.508
2i6a_2,-46.921,2734.272,10.891,158.522
2i7p_1,-28.271,1374.561,8.951,158.557
2i91_1,-44.738,4457.171,18.007,236.671
2i9z_1,-83.618,479.23,1.906,40.39
2ibm_4,-60.776,8248.787,28.49,377.662
2idl_1,-49.785,485.195,2.727,49.998
2ijd_5,-58.24,2846.029,16.989,255.712
2ikk_1,-53.782,826.902,3.695,63.26
2imn_1,-37.325,533.727,2.512,37.86
2imz_1,-22.96,452.593,3.425,60.48
2io3_12,-128.545,865.782,4.716,56.89
2isy_1,-69.391,780.388,3.937,68.195
2itf_5,-17.968,536.001,2.483,52.729
2iut_1,-39.634,1973.849,12.289,152.725
2iut_6,-40.888,1991.007,12.049,155.834
2iy2_1,-86.378,275.301,1.41,24.062
2j3s_1,-37.353,1483.256,5.09,80.16
2j3x_1,-35.59,1823.17,10.944,183.186
2j3z_7,-24.521,2667.622,9.661,177.861
2j7l_4,-56.677,1017.931,5.474,89.699
2j80_1,-54.732,381.761,2.167,45.519
2j85_1,-73.104,601.737,2.636,46.98
2j8m_1,-116.699,571.672,3.844,68.262
2j8w_1,-39.744,360.793,2.059,40.075
2j8z_1,-87.097,1320.5,7.558,107.937
2j98_1,-41.879,563.557,2.787,33.984
2jbx_1,-41.887,1194.442,4.397,53.176
2jfp_1,-49.162,873.621,6.701,90.994
2jkr_34,-32.341,5375.11,23.572,265.603
2jlp_3,-41.718,561.401,2.804,58.343
2npn_3,-20.035,903.25,4.869,104.475
2nsa_5,-61.585,804.391,4.368,91.212
2nsa_6,-39.799,801.275,4.323,95.91
2ntx_3,-34.24,1797.171,6.841,133.967
2nub_6,-33.778,5429.273,29.338,364.661
2nvn_1,-82.149,493.568,2.173,41.559
2nwu_1,-33.867,688.889,3.916,58.679
2nwv_1,-62.946,522.328,2.622,49.221
2nx9_1,-78.934,2213.665,9.548,171.229
2nyb_2,-45.231,584.982,3.574,68.141
2nys_1,-58.865,651.223,3.487,52.339
2o1v_1,-72.819,2685.875,13.345,262.366
2o7m_6,-72.568,848.204,3.798,65.558
2o9a_1,-32.445,838.885,4.623,73.614
2oai_1,-15.857,323.818,1.712,36.158
2ob5_1,-86.575,454.316,3.077,56.246
2ofj_1,-34.288,1714.813,6.752,116.545
2ogi_1,-55.205,857.2,4.426,86.214
2oik_2,-98.368,576.225,2.928,54.643
2omk_1,-78.121,786.999,4.154,75.271
2ont_3,-97.349,405.454,1.699,32.084
2oo2_1,-67.286,464.938,1.781,40.088
2oqt_5,-49.515,1135.237,3.935,59.494
2ov8_1,-57.736,1248.853,5.205,103.19
2ovg_3,-47.066,180.315,1.171,19.466
2ovi_2,-79.17,758.559,4.218,66.031
2oz6_1,-99.626,1120.666,5.539,91.169
2ozv_1,-53.276,765.079,4.288,77.798
2p22_22,-66.661,596.166,2.895,55.415
2p5u_1,-61.732,1423.566,7.532,126.101
2pcj_1,-19.382,797.543,5.539,88.284
2pf4_5,-33.191,4688.965,15.74,240.014
2pfi_1,-48.925,491.76,3.355,68.508
2ph0_1,-80.655,541.643,3.467,55.801
2ph1_1,-39.443,1324.91,7.437,100.032
2pij_1,-41.977,283.244,1.233,22.669
2pju_1,-54.274,912.945,3.851,63.414
2pl1_1,-53.702,548.999,2.895,60.291
2pls_5,-23.141,527.017,1.91,37.73
2pmr_1,-71.541,292.9,1.738,31.367
2pn5_2,-40.24,8580.762,29.593,515.241
2ppv_1,-74.185,1288.704,7.287,131.797
2pr8_3,-67.925,903.403,3.668,68.261
2pwj_2,-59.579,816.651,5.264,73.352
2pzz_1,-35.827,591.537,3.678,53.035
2q24_2,-61.733,622.518,3.365,61.82
2q30_4,-94.315,333.305,1.889,37.592
2q4n_1,-57.584,735.067,4.602,61.2
2q5c_3,-38.829,675.733,4.085,67.53
2q7d_1,-112.648,1542.312,8.682,151.265
2q8r_2,-62.637,217.476,1.316,28.112
2qaz_2,-57.847,503.908,2.82,44.749
2qc7_2,-40.1,1874.07,11.596,117.014
2qgh_1,-195.31,1942.37,11.12,162.33
2qld_1,-55.479,1270.731,5.829,75.453
2qlx_2,-154.437,398.754,2.31,48.016
2qms_1,-72.206,540.69,2.629,49.893
2qrr_1,-51.887,373.884,2.003,36.787
2qsq_1,-48.977,467.595,2.334,44.984
2qxl_1,-41.224,3151.72,13.556,250.821
2qxy_1,-33.5,534.446,3.434,57.141
2qyu_1,-85.842,2863.766,12.678,249.317
2r3v_6,-61.526,2397.153,11.3,157.45
2r7h_1,-64.128,480.29,3.189,58.811
2r8q_1,-61.309,1090.637,7.696,147.376
2rax_22,-49.211,371.444,1.779,31.087
2rc3_2,-64.029,563.417,2.598,48.68
2rcv_2,-46.932,731.081,4.113,86.864
2rdi_2,-33.544,2058.71,8.855,153.629
2rgv_1,-105.622,819.531,3.906,56.317
2rhj_1,-51.899,1109.889,6.716,111.769
2snw_1,-21.635,1182.745,3.918,69.939
2tpt_1,-67.932,2179.97,9.709,158.882
2uzj_8,-62.074,884.734,4.941,94.684
2v3t_1,-31.267,1325.342,7.309,108.498
2v54_1,-50.386,1293.3,6.005,90.181
2v5n_1,-26.24,1598.587,5.258,99.298
2v9c_1,-54.458,1262.272,6.417,82.511
2vj4_7,-42.72,2455.584,8.148,131.409
2vnc_8,-34.112,4744.827,17.399,341.432
2vpk_1,-76.427,530.226,3.011,56.572
2vrn_1,-57.104,809.228,3.303,65.438
2vsc_4,-178.782,439.277,2.458,42.235
2vx8_1,-133.14,678.621,3.228,50.867
2w0l_2,-25.488,511.263,1.986,38.311
2w68_11,-26.407,1005.069,4.715,70.31
2w7w_1,-45.029,756.829,3.907,70.312
2wcu_1,-68.667,644.382,3.733,54.995
2we8_2,-69.49,1869.352,6.36,111.64
2wfc_1,-40.797,620.578,2.989,51.507
2wfh_1,-48.011,741.078,3.617,68.734
2wnh_2,-31.308,1503.355,7.4,158.029
2wnh_5,-52.579,1603.689,8.241,164.686
2ws2_1,-70.42,1747.408,6.348,98.02
2wui_1,-66.693,2174.783,10.959,102.59
2x2a_1,-36.768,579.003,3.589,66.517
2x2u_3,-59.221,1249.638,5.309,102.832
2x4i_1,-61.731,549.294,2.708,42.9
2x6g_7,-54.546,351.008,1.66,26.564
2xbf_2,-30.249,2083.446,11.175,185.337
2xcr_4,-38.094,6656.546,27.406,339.862
2xdp_6,-172.132,359.945,2.843,51.006
2xeq_1,-39.21,1118.488,6.767,116.532
2xeq_5,-34.049,1239.134,7.548,120.838
2xer_3,-53.215,1210.563,7.353,104.619
2xeu_1,-43.444,206.165,1.228,25.076
2xhf_1,-48.707,615.55,3.725,65.372
2xiq_1,-53.536,2876.091,14.347,288.688
2xj3_1,-60.808,232.466,1.612,28.704
2xj9_1,-66.18,2121.057,12.082,113.286
2xss_2,-205.844,1054.332,3.869,63.715
2xt2_1,-82.932,823.219,4.817,81.082
2xwc_1,-31.895,898.741,4.0,70.671
2yaz_6,-39.201,1119.476,5.858,111.864
2ycj_1,-128.328,1360.587,7.713,113.706
2ym0_5,-64.285,980.019,5.047,79.599
2ym9_8,-56.868,1080.756,4.685,69.158
2ymz_2,-52.975,573.544,2.93,53.61
2yvq_2,-65.839,444.948,3.167,54.111
2yvu_1,-59.462,883.227,4.799,76.877
2ywa_1,-45.119,759.316,3.926,64.969
2yxz_2,-165.59,982.39,6.534,105.904
2yy9_1,-57.568,610.091,3.008,44.904
2z00_2,-79.877,1844.377,9.986,172.003
2z0f_1,-36.218,2187.399,13.272,204.404
2z6f_1,-15.47,652.179,2.707,50.49
2z7c_2,-37.459,527.385,2.808,40.533
2zb3_4,-64.956,1701.119,9.146,129.016
2ze3_1,-161.519,1024.293,7.029,110.078
2zhg_1,-83.29,711.276,3.381,45.875
2zkj_2,-36.214,1898.041,8.884,141.901
2znh_1,-455.829,2011.18,21.194,182.978
2zoz_2,-25.477,893.466,4.68,87.768
2zu1_3,-47.003,648.965,4.152,70.294
2zv3_3,-60.564,518.388,3.018,52.42
2zvz_1,-55.685,1514.78,6.282,83.389
2zw2_1,-135.871,319.88,2.269,36.931
2zxy_1,-21.461,256.213,1.622,28.1
2zz8_1,-51.065,1035.573,5.191,76.359
2zzn_2,-52.345,2483.951,13.445,176.024
2zzt_1,-39.722,719.799,3.691,43.603
3a1d_5,-52.092,989.732,5.115,102.193
3a44_1,-165.503,613.083,4.017,64.726
3a9i_1,-75.037,1393.869,7.377,156.191
3aad_12,-36.723,1497.842,4.253,71.681
3ajz_1,-45.114,538.525,2.997,54.91
3al9_1,-36.693,2314.924,10.487,204.618
3aln_1,-26.297,2722.264,10.697,124.395
3ani_1,-44.569,1940.457,8.477,173.069
3aos_1,-58.671,1458.397,5.284,85.732
3aqt_1,-63.869,886.35,4.767,78.8
3atp_1,-53.607,1368.685,5.808,73.981
3auf_1,-59.122,732.939,5.273,87.071
3aux_2,-48.022,2064.675,11.31,146.912
3aw8_1,-46.936,2106.074,10.63,157.64
3b39_3,-36.283,1459.606,7.103,140.128
3b4u_1,-100.066,776.649,5.507,98.113
3b7h_1,-62.466,252.761,1.763,32.583
3b7m_6,-37.686,906.361,4.079,74.439
3bde_2,-94.195,336.346,2.079,46.993
3bdl_3,-210.052,2006.073,12.919,220.805
3bif_1,-18.098,2015.775,10.696,197.093
3bjr_1,-60.159,885.187,7.539,86.082
3bjv_1,-34.14,863.119,4.038,58.621
3bl8_1,-47.337,4148.232,12.428,250.855
3blc_3,-126.008,1516.49,5.925,98.644
3bqa_1,-45.568,620.073,3.704,64.691
3bs3_1,-38.07,222.012,1.429,29.365
3bwv_1,-73.941,737.588,4.422,71.619
3bxh_1,-32.275,875.221,4.509,91.664
3bxx_1,-44.038,2197.659,7.547,123.918
3bxz_1,-51.885,3182.438,13.208,203.18
3by8_2,-36.624,537.475,3.412,60.154
3c1q_1,-34.473,382.819,2.273,46.994
3c5q_1,-184.291,1921.897,11.679,160.536
3c8j_1,-65.096,939.555,3.246,57.408
3c8x_2,-98.363,563.304,3.328,62.596
3c9g_1,-38.104,752.358,5.019,62.877
3cb2_1,-64.484,1887.614,8.713,176.29
3ccg_1,-52.521,629.552,4.613,87.529
3ce1_1,-50.829,397.786,2.488,49.96
3cei_1,-44.724,1010.748,5.483,94.704
3chi_1,-59.385,1846.572,6.524,136.985
3cjw_1,-37.648,1391.226,7.589,84.327
3cl3_7,-59.743,309.334,1.396,30.131
3clk_1,-48.118,1080.529,6.92,105.659
3clv_1,-46.538,718.264,8.132,76.707
3cnk_1,-56.423,267.309,1.743,29.6
3cpe_5,-45.89,3157.56,12.033,233.463
3crj_1,-81.549,1481.644,4.784,95.422
3ctz_1,-61.129,2305.922,12.486,250.976
3cwc_1,-69.622,2234.163,7.526,125.012
3cwn_2,-37.002,1057.769,6.561,127.821
3cyv_1,-52.365,2754.692,11.551,161.538
3cz7_3,-49.503,1689.89,8.52,151.743
3d6r_3,-37.574,461.484,3.363,48.125
3d7a_1,-41.441,745.169,3.47,61.255
3d7q_2,-60.754,626.936,2.829,52.141
3d8u_1,-75.055,2101.175,8.875,112.44
3da8_1,-64.231,493.139,3.65,63.533
3dcj_1,-22.974,774.599,3.79,68.094
3dd9_1,-185.67,527.111,2.843,43.497
3ded_1,-30.702,398.568,1.905,39.176
3dex_1,-44.412,572.581,2.414,41.74
3dh1_1,-66.216,846.484,3.562,58.843
3die_1,-319.913,273.43,2.206,34.352
3dih_2,-37.798,819.046,3.204,56.312
3dka_1,-41.233,613.743,3.142,64.733
3dl3_1,-56.432,468.56,2.551,51.144
3dm8_1,-59.389,621.027,3.622,59.642
3do5_1,-75.851,1145.884,6.866,118.719
3dpt_1,-55.517,1752.283,7.424,118.647
3dqp_1,-59.256,832.952,4.289,88.512
3dqv_12,-44.299,2891.827,12.739,185.464
3dqz_2,-55.916,1352.894,6.447,109.615
3dui_1,-38.862,605.178,3.309,55.449
3duv_1,-66.99,1188.046,7.065,111.024
3dvf_1,-37.608,425.833,2.059,34.572
3dvi_1,-38.166,446.502,2.312,35.962
3dxb_16,-40.521,935.521,3.944,76.082
3dyd_1,-158.228,1610.811,8.682,151.893
3e6d_1,-122.125,1014.303,6.252,84.934
3e7k_14,-64.104,245.706,1.454,23.864
3e7p_1,-51.65,1494.295,8.743,104.764
3e8s_1,-41.565,717.24,4.066,84.452
3eb8_3,-53.733,1867.234,9.18,148.581
3ec9_1,-77.461,435.703,2.551,47.437
3eeg_1,-35.688,1936.651,8.874,115.772
3ees_1,-43.478,664.049,2.702,54.951
3efb_1,-50.055,1442.823,6.551,101.779
3egj_2,-52.288,3207.148,10.41,149.774
3ego_1,-56.676,1476.808,7.564,114.556
3ehc_1,-63.099,571.665,2.862,55.23
3eij_1,-51.366,1602.596,6.992,119.689
3enm_11,-88.102,1968.677,9.387,122.711
3eoq_1,-45.103,2087.721,8.36,178.834
3erj_1,-48.871,424.829,2.82,43.892
3esf_1,-43.411,810.9,4.332,82.074
3eul_6,-41.91,506.48,2.491,45.285
3eus_1,-71.652,360.286,1.871,34.778
3ewb_1,-46.778,1338.687,7.214,114.07
3ez9_2,-39.755,2583.351,11.541,166.503
3f14_1,-57.398,392.002,2.701,44.527
3f3y_2,-25.934,1509.005,7.953,132.319
3f4k_1,-53.556,1176.499,6.27,108.801
3f8h_1,-93.121,436.135,3.038,59.008
3f9s_1,-77.004,469.394,2.984,59.063
3fb3_1,-187.525,690.852,2.963,50.972
3fbt_2,-61.835,1801.395,10.266,110.414
3fbu_1,-48.264,758.814,4.101,77.198
3fcx_1,-18.32,942.825,5.856,102.059
3fdg_1,-44.585,1354.331,6.837,141.986
3fe1_7,-33.311,1568.97,7.674,137.707
3ffn_1,-38.29,4925.368,16.772,303.688
3fg3_1,-42.625,2933.626,15.019,300.242
3fg6_42,-41.511,2139.056,6.885,133.26
3fh0_1,-14.505,506.54,2.451,48.677
3fjo_2,-44.962,3804.707,13.961,277.413
3frl_1,-45.582,1083.376,4.784,78.009
3frs_2,-41.902,1170.903,4.239,80.509
3ftj_3,-49.639,1027.226,5.76,92.302
3ftj_5,-47.707,1013.614,5.681,89.338
3g0f_1,-89.945,1463.376,8.227,117.096
3g0k_1,-85.3,373.003,2.454,53.984
3g13_1,-61.288,747.889,3.186,62.335
3g17_2,-43.075,1781.229,7.35,123.955
3g45_1,-24.036,2226.51,9.03,171.593
3g48_2,-26.212,384.163,2.399,37.129
3g7p_1,-60.951,589.244,3.792,62.342
3gff_1,-35.828,1434.226,7.8,135.785
3ghy_3,-60.233,1479.838,6.267,102.331
3glv_1,-58.307,584.886,3.165,50.326
3gor_1,-50.744,931.79,4.732,76.234
3grl_1,-55.364,2751.373,13.717,236.388
3gty_7,-33.185,3316.367,11.223,196.999
3gw2_1,-100.627,407.099,1.849,35.057
3gz1_1,-65.971,1034.112,4.6,64.701
3h1s_1,-43.342,878.334,4.193,77.824
3h2d_1,-96.065,537.127,3.102,52.23
3h7l_3,-20.053,3011.233,11.727,264.368
3hde_2,-39.239,755.112,4.521,57.77
3hdv_3,-42.864,641.667,3.185,50.97
3hf7_2,-40.715,917.156,3.688,61.911
3hgv_3,-32.416,1748.762,8.735,138.666
3hh7_1,-56.59,231.606,1.194,29.075
3hha_4,-24.204,754.892,4.082,91.037
3hhv_1,-38.087,494.696,2.281,43.432
3hie_3,-150.252,1312.963,7.179,80.7
3hj6_1,-56.979,1886.826,39.746,129.139
3hjg_1,-40.511,1638.595,4.389,85.065
3hjp_1,-49.142,813.687,4.939,61.056
3hm7_2,-39.213,3018.774,8.913,178.757
3hmk_1,-36.92,1380.528,6.078,111.116
3hn2_1,-41.053,2096.583,6.419,115.356
3hna_3,-63.144,1093.129,6.395,133.918
3hpn_1,-63.374,875.219,4.442,70.666
3hq2_1,-65.597,2605.86,15.11,238.103
3hqx_1,-104.386,369.437,2.23,37.565
3hru_1,-46.1,1943.049,8.309,90.537
3htv_1,-87.667,964.259,4.736,106.519
3hv2_1,-39.825,536.196,2.918,60.578
3hx8_2,-72.205,395.601,2.353,50.166
3hy1_5,-41.726,2366.024,12.398,193.841
3hy8_1,-129.489,1038.839,5.516,101.269
3hyq_2,-47.916,619.856,3.347,69.278
3hz4_1,-74.938,766.271,2.788,50.349
3hzu_1,-28.548,1175.095,5.633,122.026
3i83_1,-81.336,1257.335,6.342,94.375
3i8b_2,-69.908,2334.812,10.618,179.918
3icw_3,-97.858,823.511,5.895,92.948
3ift_2,-19.03,475.219,3.153,51.385
3igd_1,-28.682,677.315,3.898,62.24
3igr_2,-60.064,913.729,4.642,84.276
3ihl_5,-127.011,1011.5,5.434,83.895
3ihr_3,-53.775,1665.399,8.556,115.1
3ijl_2,-26.727,1124.982,8.137,131.253
3jpw_2,-47.812,2299.041,11.888,142.91
3jr8_2,-32.413,888.51,3.682,63.682
3jth_1,-84.108,487.101,2.695,42.931
3juw_2,-68.214,829.542,3.171,65.054
3jv5_2,-26.542,631.874,3.386,50.764
3jv9_1,-62.536,1527.935,6.275,78.828
3jw0_13,-34.951,2766.042,13.855,198.379
3k1m_1,-38.632,1310.514,6.238,123.212
3k44_21,-34.361,960.066,3.472,65.071
3k55_9,-160.052,1599.291,8.072,117.714
3k5s_1,-37.865,1517.22,6.266,80.659
3k5x_2,-46.974,1170.228,7.471,165.338
3k6k_2,-61.182,1907.055,6.694,107.293
3k86_1,-172.253,505.257,3.563,52.507
3k8v_9,-54.867,1391.32,5.557,113.589
3kay_1,-50.576,1143.707,4.468,81.416
3kb1_1,-37.331,1691.677,7.674,102.716
3kbf_1,-59.056,423.216,2.617,49.723
3kcn_1,-35.43,808.847,3.603,53.719
3keb_1,-50.297,747.781,3.906,76.744
3kg6_2,-37.479,1549.598,5.58,105.039
3kg7_2,-48.483,1655.738,5.661,111.942
3kg8_1,-51.74,1638.53,6.043,110.837
3kga_1,-59.049,1723.28,8.196,126.207
3khp_2,-93.197,1131.385,5.559,93.464
3kht_2,-67.848,689.731,3.367,55.251
3kkc_1,-54.063,1748.159,7.38,101.052
3knz_3,-56.467,1021.875,7.486,119.347
3kph_1,-158.889,1370.052,6.818,106.815
3ksh_1,-69.629,513.898,3.743,71.654
3kt3_3,-52.033,2179.882,8.74,172.26
3ktm_12,-67.864,833.033,4.357,78.069
3kux_3,-35.221,1672.482,9.575,133.379
3kvb_1,-56.982,1764.929,9.636,158.653
3kza_1,-28.269,961.628,2.978,59.831
3l0z_5,-48.637,2230.588,9.914,131.885
3l18_1,-60.2,672.061,3.478,68.753
3l1e_1,-69.803,406.141,2.204,45.854
3l1w_2,-54.966,1042.751,5.69,117.619
3l5z_1,-72.766,727.387,3.626,53.268
3l6b_1,-51.418,1046.885,5.979,106.506
3l7o_1,-79.576,857.004,4.95,87.399
3l9e_2,-45.853,568.184,2.556,54.096
3l9n_5,-37.948,1738.298,10.036,159.907
3l9z_1,-72.959,724.754,3.235,59.569
3lag_1,-60.222,299.369,1.875,36.542
3lcr_1,-50.988,1079.711,4.944,106.11
3leq_2,-39.255,478.744,1.941,30.331
3lf6_1,-69.659,628.923,3.908,71.338
3lf7_2,-57.918,2446.35,14.209,253.581
3lfi_1,-56.894,2505.739,13.929,250.815
3lhk_2,-104.347,755.952,3.524,64.507
3lhr_1,-123.425,458.689,2.094,49.498
3lhx_1,-53.74,1311.772,6.321,107.382
3ljb_2,-35.843,1547.343,5.735,123.468
3ljs_1,-54.123,1282.023,7.979,118.171
3lmb_1,-78.199,945.26,3.561,66.795
3lmn_8,-54.716,491.534,2.686,53.699
3lo3_3,-87.231,563.594,2.609,36.907
3lp9_1,-33.063,1276.376,7.65,95.248
3lpm_1,-47.14,1670.896,8.103,97.144
3lqe_5,-15.303,1421.539,6.624,108.38
3lqn_1,-84.81,722.08,4.324,59.028
3lrq_1,-69.262,592.989,2.358,41.463
3lrq_2,-44.957,530.76,2.958,41.515
3ltv_1,-49.894,722.764,2.911,51.635
3lv9_1,-56.001,763.539,4.053,61.183
3lwb_1,-48.742,1242.18,7.557,113.906
3lxy_1,-83.143,1329.175,7.015,114.603
3lya_4,-26.634,1701.803,7.371,136.648
3lyc_3,-64.158,916.885,5.241,88.944
3lyn_1,-39.951,803.169,5.361,58.296
3lyp_1,-66.156,715.984,4.275,82.023
3lza_1,-49.615,611.976,3.157,59.234
3m45_2,-37.217,534.838,2.318,36.021
3m5b_1,-48.841,655.913,1.933,35.007
3m5u_1,-123.071,1922.201,9.321,149.446
3m7p_3,-87.357,2357.966,5.176,134.293
3me4_1,-46.126,665.354,2.55,62.151
3mg9_3,-34.238,923.346,5.886,106.808
3mgc_2,-110.203,1181.509,6.168,107.413
3ml6_3,-43.653,2841.333,15.018,150.945
3ml6_7,-21.951,2598.576,13.966,146.677
3mlo_3,-48.443,1422.205,4.962,95.284
3mlp_10,-63.294,1883.068,7.875,119.764
3mnd_1,-50.802,585.356,3.525,50.447
3mq4_1,-54.033,1873.442,7.324,156.627
3msq_6,-82.584,1040.564,3.877,84.103
3mt5_4,-35.536,4071.126,14.397,249.462
3mux_1,-73.127,735.103,4.812,93.925
3mxo_2,-43.376,737.803,4.078,81.332
3n3m_1,-148.463,1432.609,8.014,153.906
3n5c_1,-87.829,740.234,3.126,70.726
3n77_3,-60.823,591.904,3.201,56.023
3nan_2,-24.515,6296.636,32.809,408.991
3nc1_5,-29.269,6241.223,32.501,514.982
3nfc_1,-57.034,410.963,2.103,27.2
3nib_1,-46.966,1112.904,6.562,106.013
3nj2_1,-53.577,655.979,3.73,62.86
3npc_2,-67.543,1834.295,7.733,153.477
3nrd_1,-85.164,520.29,2.98,52.926
3nuh_5,-41.443,1598.19,9.673,160.851
3nur_2,-179.704,1366.603,6.478,130.229
3nyl_3,-41.999,1184.34,6.016,109.815
3nyo_3,-37.372,3745.859,12.13,221.036
3nzp_2,-41.6,3863.13,20.334,285.893
3nzr_2,-71.98,1018.865,5.289,86.237
3o0m_1,-96.274,417.373,2.593,51.858
3o51_5,-72.413,1806.145,6.281,114.789
3o63_1,-51.556,949.806,4.597,90.663
3o77_2,-35.9,2803.616,9.172,180.558
3o9s_1,-29.581,744.339,2.911,46.122
3oa4_1,-91.285,716.277,3.148,61.23
3obh_1,-67.695,298.564,1.572,29.433
3oco_1,-55.793,922.302,3.818,61.466
3oet_2,-63.141,1890.483,9.007,149.681
3okt_4,-31.55,3080.212,16.926,261.052
3ooo_1,-41.668,468.149,2.852,58.451
3opu_23,-33.71,1749.203,10.935,143.731
3orr_1,-70.843,2035.3,8.833,157.79
3oxp_1,-46.068,437.822,3.116,56.039
3oym_4,-35.09,663.383,3.661,64.482
3p0c_3,-45.31,468.692,2.659,45.382
3p0u_1,-57.951,1764.975,7.148,100.441
3p27_1,-33.349,3158.732,15.336,171.09
3p3d_2,-46.398,339.044,2.149,35.116
3p4y_1,-54.793,2104.057,11.188,186.546
3p9x_1,-42.186,982.292,3.805,77.083
3pbb_5,-30.207,1803.895,7.843,141.603
3pc6_1,-39.704,408.97,2.563,55.166
3pc7_1,-49.894,275.984,1.887,34.753
3pf9_1,-52.327,933.255,5.095,104.482
3pfy_4,-63.604,529.51,3.089,64.567
3pim_1,-92.116,710.297,3.375,76.218
3pl2_2,-70.245,1371.407,5.255,123.397
3pm7_1,-48.38,342.76,1.806,33.255
3pnd_8,-65.168,1460.897,5.824,117.637
3ppe_1,-70.424,948.432,5.179,88.911
3ppl_1,-147.2,1314.224,8.262,166.036
3pr8_1,-91.333,859.982,4.797,91.182
3prb_7,-42.544,1131.105,4.969,85.769
3pu7_1,-53.818,416.948,2.689,45.938
3pyi_1,-52.573,671.355,3.68,56.131
3q1d_1,-32.959,168.877,0.967,19.891
3q5m_5,-49.818,1444.899,7.171,104.766
3q64_1,-65.211,553.807,3.209,64.254
3qat_3,-42.945,944.352,5.972,100.672
3qb2_9,-77.63,821.736,4.439,71.925
3qm2_1,-38.955,1111.412,6.821,132.053
3qq6_1,-44.883,384.181,2.097,31.021
3qwm_1,-59.009,674.418,2.858,63.292
3qxu_2,-31.509,561.771,3.59,44.446
3qyj_3,-68.107,1167.771,6.255,132.914
3r03_1,-43.378,599.099,3.399,49.167
3r0n_1,-55.722,432.933,2.247,44.288
3r6m_1,-51.041,1673.584,6.085,88.14
3r8c_1,-41.134,834.725,3.776,69.752
3r8e_1,-122.997,1229.307,4.898,98.428
3r8k_1,-87.714,1182.402,5.212,76.01
3rao_1,-28.459,1522.309,7.332,146.501
3rbg_2,-41.467,484.814,2.523,32.204
3ret_7,-24.305,402.772,2.04,40.511
3rjs_1,-77.001,355.435,1.933,45.294
3rks_2,-40.036,1395.617,6.472,114.728
3rmk_3,-18.106,2005.459,11.771,247.288
3rny_3,-35.844,1633.946,5.204,107.103
3ro8_19,-58.871,1081.779,6.097,121.388
3rob_1,-69.501,501.711,2.984,53.259
3rog_2,-31.334,1023.438,5.049,81.157
3ros_1,-161.086,1583.178,10.047,191.951
3rpc_2,-51.475,904.97,5.842,97.585
3rri_2,-149.42,640.301,3.255,68.943
3rt0_1,-49.098,1881.527,8.338,133.449
3rt2_2,-50.642,836.972,6.874,77.118
3rtl_6,-14.405,551.156,2.877,55.397
3rtr_20,-48.379,450.663,2.602,34.609
3s4r_7,-74.96,505.73,2.494,48.399
3sdp_1,-27.662,2228.234,8.471,91.908
3smd_2,-68.306,496.687,3.233,55.511
3smt_4,-67.611,2108.418,9.261,193.866
3sno_1,-65.172,832.792,4.111,85.134
3ssi_1,-42.765,567.26,2.399,33.159
3sti_6,-41.94,990.026,3.312,54.802
3svk_1,-61.27,1394.283,7.328,125.284
3t6n_4,-64.648,963.646,5.172,79.517
3t9y_1,-193.667,568.745,3.046,58.491
3tbo_1,-48.25,193.899,1.021,21.654
3teq_1,-48.435,531.198,2.728,45.751
3teq_3,-50.466,538.653,3.279,48.181
3ter_1,-52.466,1025.094,3.827,55.171
3tg8_4,-38.27,1065.374,5.551,93.74
3tgo_11,-60.054,1206.503,5.628,102.195
3thn_1,-83.315,2387.193,9.659,134.091
3tn4_1,-112.269,1269.253,6.609,130.405
3toe_1,-43.046,550.054,3.601,35.831
3tpe_4,-62.335,1992.221,10.498,174.012
3tqj_1,-51.717,724.029,3.817,85.879
3tqu_2,-42.335,660.699,4.118,79.391
3tr2_1,-90.114,749.711,5.253,77.464
3trc_1,-54.974,602.541,3.907,67.831
3tsw_4,-33.512,2067.975,5.395,87.687
3ty9_4,-64.573,2137.938,11.226,180.654
3tzu_1,-22.578,422.844,2.268,35.188
3u5v_1,-83.123,255.66,1.63,34.122
3u7i_2,-74.051,928.149,5.491,97.638
3u80_1,-53.275,402.303,2.583,46.516
3u8z_10,-25.402,1527.357,5.134,111.624
3u8z_2,-128.367,1381.806,5.208,105.836
3ucr_1,-44.992,476.319,2.47,35.681
3uen_5,-37.614,668.988,4.226,73.443
3uf5_1,-44.134,710.783,3.463,66.45
3ufe_1,-176.41,368.241,2.679,47.363
3uit_14,-50.132,1425.604,7.139,127.995
3umc_2,-59.424,1209.983,5.146,100.297
3uqz_1,-49.692,1736.515,5.082,101.21
3uro_2,-40.273,2801.857,15.32,121.773
3ut0_7,-31.612,2942.894,18.404,322.078
3v00_10,-27.591,2432.901,10.611,170.318
3v0e_5,-72.691,1305.863,6.58,137.354
3v6n_1,-42.79,1076.944,5.621,91.417
3vdu_4,-36.638,1556.926,7.891,80.905
3vh1_2,-41.806,3617.926,17.296,233.206
3vnf_2,-37.256,1020.689,6.062,80.67
3vx3_1,-52.989,1059.387,5.308,83.682
3w64_1,-39.115,450.607,2.004,28.774
3w66_1,-40.562,387.772,1.827,33.82
3wbi_8,-46.605,2979.625,12.791,222.052
3wbj_2,-46.6,2383.897,12.302,177.056
3wbj_6,-38.706,2429.227,12.064,178.919
3wgn_3,-23.328,1674.563,8.418,116.864
3wkl_2,-39.689,1152.081,4.311,70.6
3wnk_2,-42.484,7272.189,916.421,387.899
3woa_1,-67.281,1557.87,9.432,173.449
3woi_1,-44.232,3524.361,15.424,290.624
3wpw_1,-63.135,846.682,3.794,71.04
3wud_1,-44.084,638.95,2.961,58.507
3wxm_3,-28.419,3065.41,13.053,162.52
3zc9_1,-47.046,693.06,3.303,60.881
3zig_1,-56.407,459.507,2.238,25.496
3zl7_8,-24.738,2018.419,6.085,117.078
3zpg_1,-154.249,1452.013,7.033,130.531
3zrd_1,-37.828,617.459,2.688,54.6
3zrt_1,-67.216,924.477,5.046,74.715
3zyl_1,-55.907,929.138,5.99,105.31
4a12_9,-51.066,1017.487,3.653,77.167
4a56_1,-25.656,393.191,1.712,40.369
4a64_5,-58.212,1923.604,9.868,160.809
4a7p_1,-126.905,3248.467,12.618,160.466
4aj7_1,-30.762,483.634,2.854,50.088
4aqf_9,-41.836,4684.1,18.421,197.921
4aqt_3,-44.091,2125.957,8.918,156.616
4aw3_1,-29.108,2027.844,9.535,166.908
4axv_2,-39.796,1175.562,5.718,107.159
4ayg_2,-49.548,3913.737,19.582,438.949
4ayn_1,-47.307,493.754,2.069,53.689
4b87_1,-40.344,1441.947,7.871,127.157
4bbr_39,-16.093,11180.173,23.883,473.548
4bkm_1,-91.705,1390.578,18.888,101.064
4bla_10,-35.956,3193.316,16.211,282.535
4bq8_3,-44.939,1123.914,2.916,57.27
4c0o_1,-38.614,5555.033,23.247,399.573
4c0p_1,-24.154,9690.904,604.29,455.317
4c0s_1,-48.635,3837.25,13.694,175.303
4c5g_6,-33.182,1571.951,9.98,169.533
4c98_1,-51.825,1090.159,5.746,92.829
4ccf_7,-33.409,3751.942,527.188,137.804
4cgr_1,-50.366,938.234,4.813,80.549
4chl_1,-47.084,968.686,4.686,88.812
4ckl_2,-63.45,1836.862,10.163,187.909
4ckm_2,-72.928,599.365,3.318,53.413
4ckn_2,-80.272,952.94,4.116,74.921
4cmp_11,-22.949,11519.214,709.91,586.952
4cqo_2,-34.347,2369.454,14.064,231.219
4cqo_7,-50.203,2467.886,13.977,232.904
4cyj_12,-38.075,1888.137,9.869,177.288
4czm_1,-34.906,2323.402,8.296,108.003
4czm_5,-28.052,2228.939,8.42,108.043
4d6y_1,-34.137,579.236,2.206,50.44
4d94_2,-58.386,6770.628,29.25,511.226
4d9o_1,-51.656,1012.766,5.64,73.502
4da4_1,-34.002,5013.485,23.846,356.435
4dez_3,-43.209,1031.837,6.125,78.774
4dj2_1,-41.695,1999.902,10.85,117.086
4dj3_1,-47.63,1876.541,7.751,117.558
4dkc_1,-44.62,681.054,4.01,67.374
4dmz_1,-57.329,1125.245,6.824,115.122
4dq0_1,-48.91,877.751,4.906,81.526
4ds3_1,-46.377,632.6,3.657,64.957
4dsc_1,-45.593,647.942,3.615,69.456
4du5_2,-48.227,1837.238,6.825,99.262
4dup_1,-92.901,2095.519,9.74,101.7
4dvh_1,-51.665,882.973,3.443,81.315
4dyw_3,-76.35,497.242,2.667,49.045
4e04_1,-70.727,1467.428,7.354,125.486
4e4j_2,-33.72,1671.897,10.267,151.582
4e5y_1,-81.271,2141.25,9.151,143.588
4e69_2,-55.962,930.852,5.853,107.14
4e86_14,-18.519,224.968,1.802,10.109
4e89_2,-45.548,842.112,4.195,69.357
4eht_1,-32.23,1089.344,6.347,97.665
4eib_6,-140.306,417.802,2.266,42.188
4emb_2,-26.957,934.927,5.354,100.272
4eo9_1,-38.992,1076.891,4.98,95.703
4epl_2,-42.003,2068.892,13.905,223.384
4eru_1,-65.264,716.424,3.44,66.073
4ese_1,-63.221,631.121,4.297,62.862
4ex4_1,-34.405,2833.174,15.93,277.429
4exn_1,-43.684,1056.604,5.791,73.368
4exo_1,-42.35,604.363,2.947,64.798
4exq_2,-65.079,1197.074,6.858,137.212
4f2n_2,-48.171,770.266,5.548,88.958
4f7o_1,-31.36,1834.797,7.152,103.646
4f7r_11,-37.967,1999.767,70.088,115.33
4f82_1,-39.196,548.44,3.246,52.917
4fbi_1,-77.926,354.4,3.306,33.952
4fdb_1,-90.171,278.572,2.057,35.242
4fhl_2,-44.35,1191.384,7.962,120.647
4flb_1,-34.141,460.131,2.884,58.947
4fn9_1,-19.798,1963.598,9.647,111.124
4fna_6,-26.076,2463.803,9.373,129.026
4fqn_1,-48.609,355.221,2.33,48.693
4fqu_5,-29.105,2484.378,13.211,139.232
4fr2_1,-50.301,2770.674,13.38,160.697
4ft4_1,-47.414,5473.284,31.092,298.577
4fzp_1,-62.986,303.873,1.945,40.278
4g0a_16,-63.571,1227.08,9.268,133.877
4g0b_5,-46.477,2339.977,10.159,160.18
4g1l_10,-41.5,2649.089,9.579,125.446
4g2e_1,-51.314,476.519,3.653,59.837
4g37_4,-36.423,2375.42,18.358,196.493
4g3u_6,-64.159,1461.236,8.815,143.08
4g7n_1,-48.07,1127.189,6.396,97.367
4g8t_2,-50.516,1501.327,9.176,181.418
4ga4_1,-68.66,2125.449,17.464,142.236
4gc9_1,-81.915,1391.28,7.947,126.244
4gdy_11,-42.3,2639.87,7.661,162.17
4gew_4,-140.608,1428.326,7.936,152.628
4gmg_11,-30.687,1721.81,7.718,136.52
4gmk_1,-74.209,1060.614,5.201,89.385
4gml_1,-34.709,1299.42,6.316,110.664
4gtw_1,-43.942,3348.148,16.968,290.626
4guz_5,-55.169,1140.095,5.038,109.566
4gvl_7,-34.846,3744.638,9.959,168.271
4h2i_1,-61.679,2571.028,13.427,231.136
4h6u_1,-216.479,701.525,5.327,63.257
4h6z_1,-100.147,813.814,3.994,61.24
4hc1_28,-73.923,794.907,4.398,59.232
4hd0_5,-30.487,2971.75,22.917,175.77
4hdg_1,-38.268,3729.73,17.051,279.287
4hf7_1,-26.076,808.047,3.91,80.73
4hhe_4,-107.845,1400.991,7.411,116.069
4hj1_6,-62.462,2069.439,8.195,155.07
4hne_6,-60.103,2632.021,10.599,163.179
4hok_1,-50.807,2233.476,11.081,133.655
4hwx_1,-48.738,351.065,1.7,32.967
4i15_1,-29.17,1142.599,8.04,143.882
4i1m_4,-72.153,1897.412,10.104,133.538
4i1t_1,-35.407,1345.204,6.85,83.105
4i24_3,-75.668,1236.195,8.182,126.498
4i5q_1,-68.946,1037.155,4.873,83.432
4i6s_9,-101.909,207.053,1.648,31.046
4i8c_13,-31.392,2204.893,11.739,204.185
4ic3_1,-61.34,243.939,1.766,24.429
4ikm_1,-14.142,1834.714,10.16,190.468
4ina_1,-62.028,1959.798,10.469,168.679
4iry_1,-31.527,3752.483,17.665,176.683
4iyp_5,-66.141,939.489,3.785,53.333
4iys_1,-62.645,751.99,4.523,71.856
4j2p_1,-91.437,910.565,5.445,107.285
4j9a_11,-53.353,499.59,4.284,50.047
4jc8_1,-61.327,3906.862,17.322,251.033
4jdl_2,-31.398,1352.966,7.764,75.784
4je1_1,-52.787,423.199,3.014,52.4
4jp4_1,-81.826,623.735,3.386,68.756
4ju5_1,-77.21,974.476,4.276,85.04
4jz2_1,-38.343,771.666,4.742,92.709
4k30_3,-37.589,731.633,3.806,63.132
4k5s_1,-33.455,1671.871,10.9,185.947
4kcx_1,-38.929,670.578,3.158,45.781
4kgb_1,-132.011,2530.681,11.025,166.874
4kkd_1,-28.047,2844.457,12.55,160.655
4kmd_4,-61.989,1653.867,8.104,156.095
4knh_1,-53.345,4368.961,22.423,415.03
4knh_4,-26.004,4088.622,21.641,399.428
4kv9_1,-42.019,1246.338,6.55,110.11
4kvr_2,-46.277,858.84,5.416,108.215
4kxf_17,-40.061,9142.914,27.296,360.295
4kyx_1,-72.597,566.54,3.445,64.218
4l3q_1,-30.893,3441.894,10.897,205.023
4l4w_9,-35.507,861.759,5.326,91.23
4l4z_1,-42.915,1329.797,6.228,82.653
4l7e_1,-140.982,821.03,4.448,99.365
4l85_1,-34.816,568.676,2.713,46.327
4ld8_1,-48.86,927.034,5.921,78.754
4ldb_4,-35.659,1296.384,7.693,92.488
4ldz_1,-55.33,787.2,3.377,67.831
4le0_1,-56.361,919.579,2.339,47.009
4lev_3,-56.416,2225.437,10.244,163.845
4lft_1,-30.479,250.408,1.211,24.806
4lhc_2,-56.218,3502.125,20.517,349.923
4lir_1,-50.796,350.524,1.538,33.838
4ljk_2,-46.522,1275.144,6.683,79.026
4lmf_6,-47.17,1293.069,6.012,122.902
4lo5_2,-28.185,2320.778,11.507,171.016
4low_1,-39.224,291.601,1.366,35.88
4lrw_1,-17.043,581.355,3.958,71.313
4lw8_1,-51.951,916.945,6.295,107.87
4lza_1,-92.416,726.996,4.004,61.524
4m58_1,-61.818,733.655,5.842,68.246
4mdh_1,-85.847,3593.052,12.64,122.258
4mei_1,-37.992,722.469,3.438,62.289
4mhr_2,-70.561,1339.062,6.079,121.983
4mko_2,-60.693,835.983,4.198,90.021
4mkq_1,-62.295,746.479,3.138,60.321
4mmm_5,-46.059,647.185,3.248,58.612
4mqb_1,-18.113,809.758,4.828,88.605
4muo_1,-71.682,1270.18,7.07,123.032
4n3v_1,-65.249,682.571,3.481,73.146
4n4a_3,-56.993,2002.773,10.83,194.049
4nf1_4,-49.522,616.92,3.441,69.026
4ngf_4,-57.732,1721.878,8.939,110.684
4nif_2,-47.278,1287.929,7.34,130.916
4nk0_2,-34.286,355.545,2.307,45.204
4nld_3,-42.359,2657.756,8.911,186.014
4nnz_2,-39.571,3162.926,13.613,180.692
4npj_1,-59.1,1386.078,6.657,117.7
4nqq_1,-54.058,768.335,4.743,85.092
4nsv_1,-19.288,684.96,4.519,93.665
4nuq_1,-62.426,864.532,4.716,78.124
4nvr_1,-60.298,1136.426,6.834,131.718
4nwc_2,-30.96,1006.218,6.212,102.748
4nxf_1,-31.669,397.079,2.702,51.962
4nxw_2,-25.636,1556.943,7.866,131.903
4nzj_2,-65.152,1570.3,9.658,192.129
4nzq_2,-20.353,3841.104,13.413,241.856
4nzv_1,-49.889,1517.079,10.497,145.584
4o03_1,-27.937,5403.262,15.68,287.567
4o1h_1,-31.588,857.694,3.641,36.729
4o1i_2,-37.677,688.05,2.509,34.635
4o1r_2,-36.161,477.228,3.11,46.052
4o1w_1,-38.153,238.099,1.402,22.871
4o67_1,-18.891,1971.442,10.947,170.82
4o7v_1,-73.18,1061.79,5.232,95.846
4o9k_1,-71.859,435.025,2.829,49.152
4oar_3,-58.892,1271.23,6.137,101.443
4ofd_1,-24.405,1201.209,4.695,72.531
4ohc_2,-77.112,842.144,4.98,88.021
4oie_1,-64.172,722.418,3.688,73.803
4oja_1,-51.805,926.054,3.499,55.598
4oky_1,-40.636,2691.683,8.911,128.531
4omv_1,-38.713,1161.02,4.123,77.529
4oph_1,-39.757,1829.133,10.99,88.098
4ov8_5,-73.617,1748.835,9.622,165.028
4p2l_1,-29.164,1835.605,11.232,210.812
4p3o_5,-44.628,1913.772,9.951,186.063
4p3w_1,-66.926,913.349,41.49,58.681
4p52_2,-83.872,1357.186,6.55,106.069
4p7o_1,-57.495,1372.48,8.196,154.648
4paa_1,-32.18,3852.136,17.845,337.597
4pbc_1,-359.236,829.669,6.226,106.673
4pbe_1,-95.606,1212.339,8.26,133.481
4pel_7,-28.643,3119.309,12.195,222.572
4pfe_1,-58.737,1905.349,8.088,146.219
4ph6_1,-72.998,951.193,5.942,96.025
4pln_1,-30.37,2683.736,10.642,185.569
4pob_1,-35.15,332.968,2.016,38.377
4ppy_1,-51.297,696.904,4.205,84.419
4pr3_1,-88.451,823.566,4.639,70.39
4pwz_1,-37.476,1219.444,9.223,140.503
4pyz_1,-23.218,1484.116,4.545,114.052
4pz8_4,-36.452,1880.417,9.414,173.382
4pz9_1,-49.633,958.597,4.528,79.505
4pzk_1,-99.475,626.937,3.904,72.722
4q5y_1,-35.384,2243.442,18.731,147.735
4q7e_1,-47.574,528.712,3.078,60.077
4q7j_22,-28.109,3082.491,14.063,227.816
4q96_2,-109.864,551.0,3.238,60.424
4q97_1,-43.654,771.24,2.2,38.335
4q9a_1,-63.314,1157.655,4.052,88.895
4qbo_1,-58.176,286.845,2.061,31.394
4qdh_1,-33.035,2343.218,10.219,152.604
4qds_1,-38.611,1805.874,257.675,110.525
4qf2_1,-45.951,187.154,1.002,21.778
4qf3_3,-52.39,212.121,1.163,19.143
4qgb_1,-34.562,1546.27,6.703,87.056
4qhh_3,-63.352,724.109,2.299,51.824
4qhi_1,-61.984,635.409,2.481,52.378
4qhj_1,-60.194,494.814,2.523,50.14
4qin_1,-60.205,2305.19,9.069,171.008
4qxw_1,-68.492,385.83,2.42,47.851
4ray_1,-161.097,473.362,2.907,67.178
4rb0_7,-58.761,514.957,2.854,67.096
4rct_1,-89.205,1716.931,8.483,155.289
4re8_3,-39.223,1353.17,6.756,99.738
4red_1,-86.163,2007.341,11.74,144.555
4red_8,-72.154,2003.828,11.23,138.141
4rfp_1,-31.668,515.745,2.488,57.267
4rly_3,-62.721,1875.566,65.492,128.553
4rmm_1,-57.557,909.229,4.968,65.477
4rnj_1,-32.258,1237.589,6.475,105.22
4rxj_2,-119.991,437.168,2.417,46.627
4rz0_1,-42.558,373.666,3.186,39.28
4rzk_1,-37.006,877.961,3.757,34.656
4s3m_1,-11.156,1266.385,7.395,117.917
4tkx_3,-30.813,3488.811,547.382,194.941
4tkz_2,-103.717,502.081,3.286,47.825
4tmb_2,-43.126,1814.524,8.897,173.39
4trt_1,-80.118,1324.946,7.1,124.483
4tse_1,-69.211,531.745,3.299,51.9
4tt4_1,-12.283,666.369,3.319,69.004
4ttw_1,-38.939,513.563,3.214,48.087
4twa_2,-49.507,3043.369,14.867,212.675
4u04_1,-65.465,1937.722,6.485,133.104
4u59_2,-31.048,9669.699,995.306,686.35
4u5k_1,-38.033,5214.534,605.282,218.796
4u66_5,-30.2,1279.98,5.617,97.739
4u9o_3,-61.887,1062.166,6.932,106.25
4v07_1,-80.201,933.782,4.908,85.35
4w4j_5,-62.271,1350.441,6.791,94.607
4w8c_6,-47.343,1324.68,115.158,74.796
4w8j_6,-19.527,16327.903,1714.281,595.355
4w8p_5,-58.643,1008.364,5.206,105.98
4whj_1,-56.731,1958.428,14.215,254.692
4wlm_2,-44.951,1511.064,6.502,129.351
4wny_1,-63.737,500.031,2.992,54.424
4wov_3,-28.475,849.909,4.514,93.349
4wph_1,-43.528,1777.54,8.015,149.491
4wt0_1,-33.933,313.447,1.841,29.108
4wvr_2,-46.746,344.479,2.096,32.599
4wwc_3,-29.498,1371.002,6.36,87.845
4wzh_4,-26.36,1106.01,7.213,102.799
4x0r_1,-60.159,1438.249,8.139,110.262
4x94_4,-26.1,1686.914,8.869,152.626
4xar_1,-50.941,2277.784,8.514,185.884
4xas_1,-34.706,2601.935,8.25,174.842
4xbd_3,-18.999,484.357,4.409,46.268
4xea_1,-51.263,1798.155,9.186,197.32
4xss_5,-36.724,1596.549,6.251,123.616
4xvv_1,-62.48,292.731,1.394,29.709
4xws_2,-39.402,901.91,4.894,71.654
4y5u_1,-64.946,4733.103,18.115,215.289
4ye0_1,-31.991,614.997,2.057,42.065
4yet_1,-50.708,650.057,4.085,75.88
4yh6_1,-48.063,2304.657,8.25,131.248
4yiw_1,-50.227,1714.439,7.571,164.787
4yl6_4,-88.382,350.018,2.456,45.358
4ytv_3,-44.797,177.994,1.356,28.178
4yxf_1,-98.308,1206.884,7.436,90.09
4yyy_1,-29.815,2642.524,14.399,167.074
4zai_4,-77.808,384.925,2.151,31.039
4zch_5,-48.749,2208.249,7.994,146.306
4zdu_4,-30.634,1621.782,10.391,154.832
4zhr_4,-51.902,2281.229,13.841,233.176
4ziq_3,-83.271,8662.48,23.894,555.971
4zlp_4,-43.934,891.121,4.847,119.81
4zms_1,-64.904,1132.781,5.055,78.813
4zmy_1,-27.198,715.663,4.133,81.825
4zng_1,-47.632,2730.182,9.19,153.891
4zqb_1,-48.263,1030.666,5.797,116.162
4zrn_1,-92.0,1205.331,7.516,124.699
4zwv_1,-188.541,1183.126,7.758,153.175
5a0j_1,-83.921,1294.438,7.074,122.282
5a1k_8,-56.101,3296.053,7.734,145.756
5abr_1,-32.956,397.163,2.007,31.58
5afb_2,-55.408,1745.596,6.103,131.765
5afb_5,-56.136,1645.788,6.181,130.994
5ajn_3,-26.344,2917.201,135.736,239.142
5an1_5,-72.993,1219.597,5.837,98.645
5ayp_1,-124.002,1356.75,6.43,110.696
5b1y_1,-100.182,1010.684,6.413,95.406
5b3z_1,-30.381,1657.009,9.154,166.755
5b7z_1,-16.97,1072.435,6.685,117.151
5bqn_4,-36.047,4459.067,20.236,346.095
5c04_1,-46.546,512.974,2.983,59.066
5c2x_1,-39.119,713.658,5.145,86.61
5c3q_18,-30.231,1293.576,6.295,130.583
5c6m_2,-39.12,751.123,5.141,81.928
5c9v_3,-45.688,1286.328,6.389,130.534
5ca9_6,-36.336,6938.894,32.761,332.846
5cb2_3,-21.327,13721.352,2353.581,548.858
5cho_3,-144.546,451.896,3.089,53.528
5cjj_1,-45.579,848.872,4.691,72.473
5ckl_1,-52.376,697.354,4.434,91.002
5ckm_1,-40.845,1188.608,5.946,120.91
5ckn_1,-31.621,1107.918,5.95,115.798
5coa_3,-59.023,1355.838,8.756,139.294
5col_1,-85.571,1079.614,3.982,64.314
5cow_2,-40.314,881.576,5.512,96.776
5crb_1,-33.37,701.966,4.263,76.152
5crc_1,-89.496,777.211,3.435,56.841
5cro_1,-38.603,541.986,3.546,28.522
5csa_6,-69.087,5327.7,20.318,343.202
5d9g_2,-93.005,1013.982,5.858,98.595
5dbl_1,-26.772,407.78,2.456,47.771
5dis_10,-27.545,5901.777,29.853,456.814
5dqw_1,-95.732,773.253,4.135,77.618
5dra_1,-70.301,1420.241,5.694,85.901
5dtm_1,-64.473,1309.55,5.839,141.76
5dyk_2,-59.794,3429.275,17.071,307.117
5dym_1,-84.034,430.036,2.579,42.43
5dyw_1,-27.0,2586.982,13.064,226.793
5dzm_3,-211.966,483.405,2.609,46.152
5e5p_4,-115.802,1661.394,6.939,115.527
5e6m_3,-27.408,2751.685,14.088,218.716
5eb9_1,-52.045,793.551,3.208,47.881
5edx_1,-64.431,454.154,2.78,40.772
5eg8_1,-48.17,648.809,3.808,69.389
5eo6_1,-106.122,1151.313,6.601,148.992
5ep8_1,-55.369,2035.592,7.831,148.749
5eq9_1,-64.152,917.074,5.357,89.885
5eqf_7,-14.832,1832.376,9.206,179.156
5ex9_2,-141.332,1657.181,7.832,176.055
5exv_1,-57.626,1527.367,5.58,75.537
5eyo_2,-87.606,320.25,1.886,44.318
5f05_1,-95.932,630.62,4.594,82.914
5f3k_1,-110.384,873.749,4.69,85.366
5f5m_14,-40.033,1574.762,8.265,154.699
5f5m_2,-54.529,1580.743,8.535,155.598
5f5r_2,-43.234,1052.196,5.758,84.773
5f74_2,-30.12,1210.279,5.947,98.828
5feg_1,-24.848,870.26,3.939,47.017
5fgo_1,-115.879,310.458,1.86,31.837
5fjz_4,-51.008,1499.575,6.142,112.469
5fn0_6,-52.378,2952.081,8.19,178.861
5fom_2,-55.538,1420.404,5.984,103.205
5fub_1,-125.857,1363.349,8.146,141.751
5fuf_1,-61.871,1501.694,10.145,155.912
5gkx_4,-65.217,1246.862,6.976,109.363
5gmj_6,-95.401,1029.145,5.39,90.494
5gt9_1,-60.873,1015.068,5.892,97.957
5gus_1,-24.301,712.224,3.916,61.826
5gx8_1,-43.646,1949.689,13.025,222.167
5gyr_7,-165.108,439.275,2.348,43.547
5gzu_1,-42.235,4170.331,19.109,343.199
5h0i_1,-16.083,2269.347,7.032,145.536
5h13_1,-69.797,1913.562,7.122,156.58
5h23_1,-20.543,709.252,3.493,62.235
5h5n_1,-64.841,334.637,1.875,39.235
5h7z_5,-38.207,1709.401,7.409,126.345
5hay_1,-55.487,2871.138,12.751,236.647
5hb0_7,-79.394,2545.07,12.119,226.962
5hb4_7,-33.768,7486.386,33.262,612.008
5hiz_1,-25.085,829.167,3.709,36.761
5hkl_1,-66.62,601.068,3.516,61.856
5hm4_1,-42.611,2079.704,13.116,235.147
5hns_1,-80.801,970.626,4.515,92.672
5ho9_4,-32.3,2964.532,14.402,246.028
5hpj_1,-46.408,785.07,4.571,89.945
5hpk_5,-28.142,2081.323,10.998,187.161
5hqw_1,-34.989,1094.05,5.951,103.697
5hs8_1,-63.783,546.355,2.282,37.437
5hsx_3,-43.574,906.003,5.798,103.082
5hu7_1,-33.682,1156.147,4.93,104.137
5hxo_1,-115.151,1029.326,5.149,96.773
5i10_2,-56.523,816.122,4.527,80.879
5i4c_1,-36.761,826.82,3.427,51.207
5ie7_1,-63.942,1465.339,5.852,98.691
5ifw_6,-58.849,4285.897,18.404,311.296
5ig8_1,-106.692,1768.388,8.364,127.537
5igh_2,-115.5,888.93,6.698,120.056
5igp_2,-81.543,909.584,7.094,123.589
5il5_1,-38.924,1170.66,5.669,105.614
5imt_6,-34.875,2208.088,10.225,181.622
5iqw_2,-36.882,496.443,3.095,55.777
5iu2_1,-60.222,1466.42,5.576,117.149
5iu9_1,-45.467,2836.117,8.293,170.425
5j1f_4,-32.156,898.499,3.764,86.536
5j6o_1,-36.871,1258.554,6.282,106.38
5j7n_3,-63.969,672.507,2.906,44.817
5j9c_1,-50.286,593.791,3.564,60.568
5jgk_1,-31.874,966.747,6.549,103.402
5jk9_1,-32.46,1210.954,4.673,94.574
5jrh_1,-18.14,2213.734,13.665,254.033
5jsq_1,-100.812,646.763,4.091,71.093
5k2i_1,-28.094,501.81,3.171,54.764
5k4b_1,-57.637,1388.208,8.593,161.858
5k5t_1,-68.961,2874.711,9.956,226.484
5k93_1,-29.95,1218.623,5.189,98.464
5knl_11,-17.031,4068.232,22.098,409.01
5kol_2,-69.443,603.994,3.607,58.002
5ks7_1,-64.66,979.572,3.45,55.021
5kvt_2,-45.116,1788.818,6.068,119.64
5kyn_7,-40.671,4129.781,19.2,282.951
5kz6_1,-45.436,1030.806,6.684,127.651
5l40_2,-46.917,885.396,4.93,95.137
5l45_1,-51.008,878.057,4.829,91.796
5l6q_1,-39.762,338.707,1.863,34.386
5l7d_1,-40.082,3027.496,9.861,204.711
5l7n_1,-36.919,1145.481,7.247,115.702
5lb8_1,-39.726,3029.488,7.271,171.359
5lc1_5,-77.181,1530.155,6.949,119.207
5lj8_3,-47.678,1008.229,4.595,93.168
5llj_1,-27.695,226.32,1.443,24.498
5lta_3,-55.882,3059.412,17.532,299.895
5lvz_1,-52.881,940.789,5.201,92.44
5lx8_1,-74.071,2021.563,11.298,238.183
5m7q_3,-35.865,497.008,2.527,42.438
5mat_1,-33.663,1258.983,6.73,123.247
5mfa_3,-34.104,2159.543,13.248,261.782
5mio_5,-74.024,3268.168,10.414,193.98
5mja_1,-49.205,1251.21,5.298,111.765
5mqh_4,-52.738,1545.178,5.239,97.336
5msn_1,-40.905,1270.911,6.882,115.602
5mus_1,-137.897,1437.333,8.131,138.513
5mwx_1,-47.564,408.151,3.022,48.263
5mz4_7,-62.893,3288.833,16.43,268.945
5mzo_2,-28.72,8368.624,30.446,581.336
5n69_1,-43.708,4290.687,14.11,329.118
5n71_4,-57.238,1377.83,6.414,128.556
5n7l_1,-37.642,350.967,1.559,31.568
5na8_5,-28.689,2564.899,14.867,281.044
5ncr_1,-32.514,728.513,6.231,69.166
5ncs_1,-62.407,1975.573,6.878,138.829
5nfo_5,-27.89,1278.312,6.74,126.401
5nqz_11,-56.652,978.982,4.583,101.255
5o8e_2,-59.466,1763.012,10.434,206.089
5oj8_3,-58.993,1189.321,5.093,79.896
5omn_2,-42.517,1002.913,6.858,118.993
5onc_1,-146.799,1718.539,7.436,131.351
5oym_13,-146.669,512.744,2.116,40.142
5p21_1,-31.355,823.775,3.757,74.575
5qsl_2,-39.701,1064.046,4.36,69.11
5svg_1,-80.1,785.032,3.39,55.458
5sy4_1,-70.246,538.569,3.946,68.928
5t93_1,-41.703,331.113,2.139,30.697
5t9f_1,-16.834,1165.785,6.444,121.421
5tc2_1,-30.64,340.826,1.216,24.793
5tdq_2,-26.202,772.641,3.422,52.727
5trb_1,-53.708,250.338,1.769,31.79
5tus_3,-72.614,3973.374,16.846,291.241
5u0i_1,-55.083,348.752,2.082,42.115
5u0k_4,-45.59,540.774,2.764,44.238
5uig_4,-71.123,1666.256,10.88,134.707
5ujf_2,-27.579,539.724,3.601,62.874
5ume_2,-58.022,1872.284,7.953,121.051
5uos_1,-47.389,980.126,4.91,83.574
5uqm_2,-14.248,2988.348,13.872,271.691
5uvc_5,-37.272,2334.601,9.578,209.725
5uzx_1,-26.104,717.328,4.829,83.417
5v01_1,-62.057,463.957,2.696,61.393
5v38_7,-48.308,1760.347,10.812,191.842
5vcp_1,-57.905,509.862,3.355,61.758
5vdf_4,-18.064,271.63,1.613,26.292
5vkt_2,-79.902,977.933,6.761,118.246
5vm1_5,-88.463,1985.784,10.997,167.399
5vm4_4,-33.811,552.015,2.617,49.411
5vm9_1,-22.531,5938.825,23.403,359.688
5vsc_1,-64.909,1093.961,6.493,136.965
5vxa_3,-67.53,734.848,3.881,78.698
5w5i_6,-43.978,1859.01,10.116,197.657
5wdi_2,-31.058,1009.664,5.197,103.048
5wly_5,-65.32,906.436,19.595,96.861
5wme_4,-80.812,418.924,1.916,48.131
5wme_5,-47.725,507.379,1.953,53.121
5wof_13,-84.74,302.141,1.785,34.86
5wqi_2,-74.206,594.038,3.273,57.944
5wtx_4,-35.61,5406.232,20.51,247.961
5wyg_1,-67.567,381.385,2.376,34.365
5x9i_1,-56.92,1374.631,6.91,140.27
5xbi_1,-36.515,515.649,3.145,53.712
5xfl_2,-42.277,2545.901,12.309,171.279
5xo7_1,-59.775,1032.173,6.6,105.391
5xpu_3,-185.481,963.405,5.167,75.705
5xq1_1,-125.877,1829.335,10.902,177.046
5xwe_1,-31.948,279.617,1.275,20.046
5xwm_1,-53.544,2078.363,9.861,168.234
5xwm_3,-31.678,2254.568,10.237,169.61
5xwz_2,-56.532,1100.064,5.539,97.499
5xzw_7,-22.631,2468.649,12.107,153.845
5y2f_2,-27.205,1220.443,5.686,114.37
5y3e_2,-32.514,1167.406,6.316,123.401
5y4s_6,-33.573,1280.567,8.952,105.837
5y4t_1,-35.517,513.188,3.069,53.871
5y5w_17,-98.268,1451.628,5.548,94.569
5y5w_3,-47.063,1354.034,4.777,85.913
5y9h_4,-37.762,2239.731,9.442,153.058
5y9h_6,-47.107,2142.989,9.469,158.06
5yfn_4,-59.407,2582.004,10.389,174.832
5ygs_6,-68.288,2042.555,10.501,195.65
5yij_13,-33.568,6510.847,30.762,464.597
5yij_5,-17.715,6596.708,30.843,463.572
5yik_15,-35.326,6451.784,27.545,463.668
5yim_2,-66.503,5923.659,32.232,424.14
5yp1_3,-40.432,3690.332,14.049,292.374
5yrg_1,-44.31,467.198,2.947,52.613
5ytb_12,-16.827,5070.39,21.567,457.788
5z0y_1,-42.703,1567.677,7.415,151.06
5z70_2,-31.366,3391.019,14.101,236.133
5zhq_1,-50.323,1778.899,8.817,151.214
5zln_1,-81.696,3636.598,16.199,283.68
5zmd_1,-21.199,3609.218,18.687,197.727
5znd_3,-40.989,701.395,3.38,66.992
5ztf_1,-30.795,6089.399,26.342,364.883
5zw3_1,-90.625,904.208,4.761,98.376
5zyo_2,-345.087,595.007,3.292,68.652
6a16_5,-86.17,1781.052,11.323,198.606
6a17_1,-58.704,2061.086,12.08,203.515
6a1z_5,-62.04,2270.774,8.82,155.251
6aeg_3,-24.78,9527.949,38.776,607.616
6aob_1,-59.243,616.455,4.105,63.819
6ar4_1,-19.51,417.301,1.989,30.58
6as7_3,-31.896,6714.912,32.555,393.508
6auj_1,0.0,901.069,5.926,111.744
6azh_1,-147.623,879.169,5.322,84.541
6b5q_7,-32.98,1038.277,3.661,83.499
6b72_1,-66.881,771.975,2.646,56.398
6bb8_2,-56.356,6534.672,29.584,437.962
6beb_5,-94.787,2336.764,9.551,189.421
6bi7_21,-60.149,1019.976,4.615,79.526
6bm9_1,-230.513,927.413,4.893,84.601
6bnc_1,-57.603,1191.841,6.703,136.947
6bui_11,-31.155,3074.221,10.013,170.861
6bwy_1,-23.086,2060.491,7.865,174.197
6cf6_1,-128.034,1202.407,5.495,129.798
6cgb_1,-71.537,966.392,4.487,77.252
6cjs_3,-107.887,892.409,4.919,93.969
6d2s_6,-65.325,1073.747,6.803,117.02
6d3l_1,-26.651,2053.062,6.062,126.57
6d9m_4,-54.811,1152.21,7.66,140.981
6dd5_1,-45.561,2441.605,14.741,263.454
6dfk_9,-22.84,1139.297,6.618,110.904
6dkk_1,-176.18,1603.133,9.494,135.615
6dkk_6,-53.574,1720.859,9.611,132.682
6eet_1,-37.799,2958.79,10.386,184.79
6ehg_10,-15.087,4143.294,20.925,415.483
6eku_2,-64.686,2641.129,15.559,286.778
6emt_1,-38.885,625.453,4.212,73.047
6eng_3,-57.355,2053.503,6.408,148.835
6epp_2,-33.361,2767.145,11.156,211.145
6ewi_3,-83.821,602.589,4.097,64.859
6f1k_1,-62.842,618.4,2.645,64.564
6f6p_1,-85.932,373.121,2.05,40.318
6fb3_1,-40.399,10042.323,29.983,645.666
6fhm_1,-251.975,754.566,3.555,80.163
6fju_1,-107.925,598.977,4.091,68.004
6fjv_2,-56.206,470.488,3.249,50.226
6fnz_4,-157.781,380.177,2.17,31.11
6fpt_1,-73.009,2090.964,6.501,143.597
6fwt_2,-56.536,1137.439,6.739,117.844
6g16_10,-130.374,1805.337,8.077,174.248
6g20_4,-72.016,1776.295,10.459,204.381
6g5g_11,-17.653,3965.55,21.642,387.448
6g88_1,-24.509,2788.44,13.344,226.624
6g8t_3,-75.581,493.727,2.025,40.263
6gc9_1,-55.244,1551.6,7.865,126.729
6gfk_3,-91.975,1068.152,4.392,91.732
6gjq_3,-48.678,901.162,3.806,65.222
6gsu_1,-79.088,1286.562,5.42,101.798
6gv1_7,-40.628,1637.363,9.955,116.365
6gzc_3,-85.038,517.851,4.022,64.309
6h3s_1,-51.23,2152.112,9.935,169.926
6h3u_14,-47.3,1340.992,7.038,116.925
6h4h_10,-24.466,3512.874,13.671,230.126
6h97_3,-36.383,1142.779,5.2,114.704
6hkw_16,-41.48,1825.953,8.747,130.7
6hzl_2,-48.665,1456.468,6.799,136.912
6i04_3,-40.192,2969.567,9.502,158.553
6i3j_3,-18.311,2355.158,10.26,203.227
6i7k_1,-45.705,1430.397,6.973,135.03
6i97_1,-50.954,6146.213,19.562,309.698
6ii0_11,-28.754,1539.198,6.356,120.183
6ii0_6,-221.051,1423.755,6.474,122.207
6ii0_7,-56.961,1367.827,6.088,115.679
6iii_1,-61.973,2444.493,11.147,216.234
6iny_1,-83.151,2359.692,11.151,209.902
6j09_4,-43.548,3377.203,11.743,155.837
6j09_5,-42.99,3203.906,12.068,157.259
6j20_3,-28.132,2311.332,10.752,136.392
6jdu_3,-39.241,2012.164,8.029,156.923
6jj4_4,-44.752,3617.786,15.042,199.109
6jod_12,-31.85,1443.233,9.765,100.004
6jol_2,-30.883,1229.726,7.686,111.837
6jsd_1,-263.102,493.487,3.153,49.422
6jtz_1,-43.164,1708.482,7.564,128.028
6k4p_3,-20.146,11165.457,37.952,619.793
6k6n_1,-46.651,661.59,4.192,72.104
6kc6_7,-33.085,1039.931,4.277,79.018
6lnp_1,-48.453,2406.645,9.215,160.022
6mac_5,-64.443,428.331,1.79,32.686
6mav_7,-30.935,855.395,5.031,60.394
6mxd_2,-44.201,1638.97,8.72,95.315
6n5z_1,-87.896,1054.208,4.446,69.992
6nc7_1,-36.618,2190.488,14.101,152.581
6nfl_3,-47.137,746.352,4.355,90.187
6np6_5,-103.721,796.885,3.778,55.704
6o8b_4,-14.376,4987.266,19.362,326.6
6o9q_5,-33.298,2058.523,12.912,232.574
6orf_1,-29.925,1732.918,9.23,185.005
6otn_2,-35.864,331.209,1.509,39.516
6p40_1,-81.099,2198.913,9.496,169.247
6pkc_4,-54.861,2150.622,10.271,195.841
6pqn_5,-31.431,2808.4,12.697,206.325
6qgs_17,-82.531,1124.293,4.987,77.24
6qpp_2,-28.604,929.722,6.044,107.751
6qq2_2,-34.388,2004.331,8.591,151.794
6qsn_1,-44.542,5265.083,26.654,381.681
6qu4_11,-46.183,2393.281,9.771,187.131
6qzh_3,-28.136,4325.353,22.312,312.207
6r2f_1,-96.314,275.435,1.554,33.695
6r2s_8,-56.298,2149.117,6.763,147.371
6r80_2,-88.746,974.514,5.24,96.183
6rp3_5,-63.723,708.449,3.455,54.0
6rrc_4,-65.434,1602.633,8.652,166.712
6s1l_5,-70.542,1973.055,8.837,165.919
6tfq_4,-31.476,1933.412,8.11,183.91
6tka_4,-54.518,3338.449,14.94,285.509
6txq_3,-37.992,1552.792,7.762,158.559
6ucm_16,-79.597,303.796,1.439,36.966
6vdd_2,-36.719,2598.402,12.773,231.33
6vjb_4,-26.689,7564.699,23.096,517.352
6w25_2,-54.644,2482.097,9.004,160.094
6wrh_3,-47.902,1072.667,6.361,120.604
8jdw_1,-28.937,1849.509,9.193,170.631
