#pdb-id, I_haddock-score, F_Evdw, F_Eelec, F_bsa, F_Edesolv, Training
1a17_6,-29.142360,121.673,-736.265,4213.96,-3.56236,False
1a3a_1,-71.450100,-59.6339,-120.893,1991.23,12.3624,False
1a7g_1,-47.606460,7.28376,-48.3751,1866.61,-45.2152,False
1ac6_1,-75.799835,-54.6749,0.791326,1222.26,-21.2832,False
1afw_1,-289.006400,-201.866,-374.777,4906.01,-12.185,False
1ail_1,-106.186200,-75.368,-74.2105,2052.13,-15.9761,False
1aiz_1,12.967652,31.2847,-0.836239,1031.96,-18.1498,False
1alu_1,1596.063700,1610.08,-171.927,2141.81,20.3691,False
1aoh_1,-71.879140,-38.7648,-171.648,1346.02,1.21526,False
1azt_1,-105.680800,-91.6755,-128.446,2598.68,11.6839,False
1azw_1,92.928140,93.7952,20.0435,1257,-4.87576,False
1b0w_1,-77.394220,-29.4595,-28.1221,1411.07,-42.3103,False
1b23_4,-78.191300,-53.3935,-218.795,2271.59,18.9612,False
1b78_1,-147.452180,-76.8398,-66.2169,1881.98,-57.369,False
1bgf_1,-157.871200,-68.6088,-388.31,2182.11,-11.6004,False
1bhm_1,-103.285550,-7.87305,-517.931,2120.78,8.1737,False
1bjj_9,-3.913560,-22.0162,98.1626,589.12,-1.52988,False
1bjt_1,-105.042600,-39.3049,-240.899,4086.02,-17.5579,False
1bp6_1,-88.814700,-56.4274,-241.328,1563.49,15.8783,False
1br1_20,7715.723880,7736.95,-19.3216,2934.42,-17.3618,False
1bs2_4,-41.522840,-34.9268,70.1423,2289.41,-20.6245,False
1bws_1,-47.939530,-35.3737,-39.6507,1265.04,-4.63569,False
1bww_1,-102.224300,-59.0555,-37.934,1420.55,-35.582,False
1c16_14,-125.760500,-79.861,29.4655,2414.57,-51.7926,False
1c3g_1,-54.360730,-39.7599,-110.543,1243.17,7.50777,False
1cd0_1,-93.620540,-53.0518,-90.1152,1597.24,-22.5457,False
1cd8_1,-144.368860,-86.3223,-25.9303,2134.15,-52.8605,False
1cdt_1,-28.059340,-22.9761,-44.4533,967.785,3.80742,False
1cp2_1,84.158860,113.185,-125.797,1949.31,-3.86674,False
1cx8_2,-153.285500,-64.0563,-515.286,5337.95,13.828,False
1cyy_5,-45.064380,-8.86421,-187.654,2571.87,1.33063,False
1d1t_4,-219.118000,-118.532,-282.718,3379.3,-44.0424,False
1d5w_2,-62.774230,-33.2734,-141.617,887.918,-1.17743,False
1dd7_1,-58.784823,-56.2417,-14.6582,1422.43,0.388517,False
1dgk_1,-119.035340,-85.3678,-155.814,2312.69,-2.50474,False
1dov_3,-146.771690,-84.0476,-292.934,2852.44,-4.13729,False
1dp4_1,9376109.545100,9.376174E+06,-127.961,1094.2,-38.8627,False
1dp4_2,8746418.480300,8.746489E+06,-135.249,1080.31,-43.4699,False
1dt9_4,-19.290212,-60.9631,7.01344,2832.01,40.2702,False
1dvr_1,-29.043400,-23.633,-120.229,2530.51,18.6354,False
1e0r_2,-142.042800,-94.6842,-164.317,2171.53,-14.4952,False
1e59_1,-150.658000,-66.2255,-313.913,1491.95,-21.6499,False
1e6c_1,-178.332200,-102.504,-236.396,2999.81,-28.549,False
1e7n_1,-88.310000,-43.223,-308.366,1740.73,16.5862,False
1e85_1,-67.825280,-33.836,-48.9049,1097.83,-24.2083,False
1ecx_1,71.581646,77.6449,6.53328,1009.94,-7.36991,False
1eeq_1,-120.942200,-58.0625,-183.703,1421.06,-26.1391,False
1eku_1,-137.957450,-124.051,-23.5882,3214.51,-9.18881,False
1eqw_2,-93.106240,-43.7748,-25.6957,1516.74,-44.1923,False
1erv_1,-52.217760,-38.5603,17.2922,1080.13,-17.1159,False
1esr_1,73.528430,89.5131,-38.539,1537.48,-8.27687,False
1ewj_2,-169.227100,-95.3966,-221.42,2627.87,-29.5465,False
1ex2_1,-51.563650,-48.5801,-1.04175,1137.02,-2.7752,False
1f1c_1,9.859520,37.8325,-72.7159,1362.9,-13.4298,False
1f1g_2,-61.515520,-40.333,-41.2671,1324.77,-12.9291,False
1f1j_5,-183.297010,-101.122,-443.333,2595.11,6.49159,False
1fcf_6,16000.598600,16036.4,-351.014,2040.08,34.4014,False
1fdj_11,-35.287130,-35.9672,-37.5744,2267.86,8.19495,False
1fe0_1,-17.689500,-23.4085,-26.674,1033.32,11.0538,False
1fp3_2,-158.567200,-101.589,-191.67,2627.11,-18.6442,False
1fp5_1,-97.963240,-63.8474,-11.9352,2126.75,-31.7288,False
1fpq_1,-401.738400,-173.684,-483.607,7230.42,-131.333,False
1fr1_1,-103.222200,-70.2034,-319.957,2875.93,30.9726,False
1fse_3,-24.118230,-17.5194,-63.7998,1044.16,6.16113,False
1fu1_8,-69.662140,-25.0797,-41.3757,2020.67,-36.3073,False
1fux_1,-78.063000,-38.717,-101.797,1632.35,-18.9866,False
1fvp_1,-103.603600,-62.4706,12.6525,3006.93,-43.6635,False
1fzv_1,-177.835600,-88.2953,-296.494,2759.53,-30.2415,False
1g68_1,-111.480920,-76.2934,-158.544,2172.43,-3.47872,False
1g73_7,3822.495090,3844.24,-128.032,2549.77,3.86149,False
1gam_1,-20.928830,-32.9137,12.7263,1262.92,9.43961,False
1gan_1,-64.983610,-44.1841,-66.3713,1180.65,-7.52525,False
1gcj_1,-90.787530,-72.618,-45.7637,2943.35,-9.01679,False
1ggt_10,-83.535650,-26.0906,-322.285,1769.51,7.01195,False
1gmz_1,-66.487600,-31.5635,-18.0755,1316.19,-31.309,False
1gxd_4,45.083082,67.1565,-112.677,2186.16,0.461982,False
1gyl_1,780.433400,788.613,-201.997,2765.38,32.2198,False
1gyo_1,-71.480350,-50.7396,-55.1707,1235.14,-9.70661,False
1h0x_1,2.582320,1.15379,-18.7307,1450.27,5.17467,False
1h1y_1,-134.204600,-75.6821,-165.94,1884.98,-25.3345,False
1h3i_1,-153.323620,-78.1165,-27.7081,3139.69,-69.6655,False
1ha4_1,-20.901760,-25.3519,-47.6993,1122.88,13.99,False
1hjr_1,-61.139620,-32.9649,-67.8326,1924.82,-14.6082,False
1hlc_1,-79.350790,-47.4815,-152.643,1201.33,-1.34069,False
1hq8_1,-86.067100,-47.2063,-122.22,2093.94,-14.4168,False
1hsj_1,-85.584020,-49.6544,-87.3666,4093.3,-18.4563,False
1hux_1,75.009060,106.57,-46.3407,1096.18,-22.2928,False
1hy3_1,-63.365790,-32.8729,-143.588,690.803,-1.77529,False
1i49_3,-11.913800,10.6672,-187.804,1789.4,14.9798,False
1i74_1,-118.705400,-85.0148,-104.348,1642.8,-12.821,False
1ibd_1,-98.603500,-34.0968,-33.265,1594.54,-57.8537,False
1ici_5,35.218180,62.2309,-14.7581,2993.03,-24.0611,False
1ii2_1,-62.753920,-41.8073,-10.5276,1153,-18.8411,False
1iiw_1,-116.684040,-66.1822,-223.342,2161.79,-5.83344,False
1ijy_1,-59.556860,-40.747,-31.6123,1322.45,-12.4874,False
1iqc_1,-265.332200,-153.201,-142.4,4077.33,-83.6512,False
1is3_1,-99.601110,-74.1575,-164.233,1441.51,7.40299,False
1iug_1,-233.086900,-152.182,-174.665,3358.24,-45.9719,False
1ivl_1,-110.785400,-54.6458,-29.776,1472.52,-50.1844,False
1ix9_1,-139.566960,-65.0435,-96.2858,1848.88,-55.2663,False
1ixq_2,-98.795080,-59.1382,-40.8044,2157.63,-31.496,False
1iyz_1,-27.664540,-19.6449,-34.9404,769.299,-1.03156,False
1j1i_1,-169.477600,-70.4852,-417.484,1822.48,-15.4956,False
1j36_3,-129.009500,-40.7612,-315.617,2865.59,-25.1249,False
1j8b_1,2186695.527280,2.186728E+06,-88.0426,1459.22,-14.8642,False
1j8f_5,-255.572400,-135.067,-209.088,4564.37,-78.6878,False
1jbg_1,-135.395800,-71.5244,-235.613,2101.79,-16.7488,False
1jhe_1,-67.403200,-46.9085,-78.1651,1445.5,-4.86168,False
1jil_1,-98.939290,-98.2885,11.6307,2900.15,-2.97693,False
1jm0_2,-120.031040,-62.6244,-79.1482,1906.83,-41.577,False
1jog_2,-113.727800,-40.4267,-141.726,2104.54,-44.9559,False
1jqj_9,-81.708200,-75.9569,-70.1528,2678.98,8.27926,False
1jr9_1,-32.641300,33.0514,-87.2905,1664.78,-48.2346,False
1jrk_1,-151.484600,-49.207,-320.679,3151.67,-38.1418,False
1juh_9,-304.798500,-174.973,-367.467,4247.3,-56.3321,False
1jye_1,26.938480,31.5177,-73.3076,1281.98,10.0823,False
1jzo_1,-100.078500,-48.6011,-141.83,1810.61,-23.1114,False
1k1y_4,-195.202700,-109.596,-512.721,3196.32,16.9375,False
1k46_1,14278.808100,14408.8,-533.029,5120,-23.3861,False
1k6i_3,-48.129720,-43.0285,-46.5289,2177.33,4.20456,False
1k9a_11,-153.641400,-58.9216,-271.952,3279.69,-40.3294,False
1kcm_6,72.798600,163.307,-214.98,3201.86,-47.5124,False
1kez_1,-91.896560,-39.8349,-96.1528,1821.8,-32.8311,False
1kho_1,-156.411280,-79.0906,-370.54,2341.68,-3.21268,False
1khx_2,115.739081,95.3539,-0.537597,1252.28,20.4927,False
1kie_1,-54.765161,-58.3994,15.6209,1916.02,0.510059,False
1kix_3,-344.497700,-198.108,-640.174,7081.83,-18.3549,False
1ks2_1,-72.249290,-59.4593,-92.3223,2023.64,5.67447,False
1ktn_1,-69.523410,-45.347,-99.3629,1268.15,-4.30383,False
1ku2_1,-22.353300,84.9523,-449.86,4465.27,-17.3336,False
1ku2_4,-113.782220,-69.1058,-217.635,2170.85,-1.14942,False
1kut_1,-86.898100,-35.3967,-123.978,1892.89,-26.7058,False
1kvo_2,-33.606350,-21.8587,-40.0385,817.211,-3.73995,False
1l7c_5,-87.013580,-77.1035,47.5951,2467.98,-19.4291,False
1lee_3,-56.325874,17.0521,5.18663,4340.68,-74.4153,False
1lkv_6,-124.491600,-62.2458,-150.733,2351.72,-32.0992,False
1lvb_5,-105.923000,39.3563,-456.371,5064.7,-54.0051,False
1lws_4,-8.664590,-2.84839,-130.161,2519.41,20.216,False
1lyn_1,-67.499570,3.53537,-64.7007,1921.73,-58.0948,False
1m08_1,-38.021310,-41.0369,-21.0092,1130.08,7.21743,False
1m2a_1,-98.324000,-45.4849,-64.0375,1022.57,-40.0316,False
1m6b_2,-168.369900,-96.3865,-154.076,3801.99,-41.1682,False
1m6u_9,6.573440,-20.0504,41.2192,2692.26,18.38,False
1mft_1,-83.668240,-31.5124,-39.3687,2262.32,-44.2821,False
1mi8_1,-66.828780,-26.5492,-186.915,1098.79,-2.89658,False
1mml_2,-127.430640,-97.2232,-81.1212,3318.56,-13.9832,False
1mp9_1,-149.065500,-81.6507,-199.418,2691.75,-27.5312,False
1mqd_4,-103.574730,-51.2524,-291.178,1878.32,5.91327,False
1mvh_1,1535.817120,1552.48,-105.633,2404.29,4.46372,False
1my6_1,-140.645940,-75.4829,-50.8242,1776.81,-54.9982,False
1my7_1,-102.894200,-35.7426,-235.106,1288.72,-20.1304,False
1n0v_2,-120.470126,-84.4257,-181.326,3782.53,0.220774,False
1nf7_4,-51.872420,-30.5983,-49.4931,1138.46,-11.3755,False
1nfs_1,-117.267260,-69.6704,-13.3613,1712.62,-44.9246,False
1nft_1,-68.417530,-56.1203,-31.2349,2290.76,-6.05025,False
1nft_2,-69.153900,-64.1871,-101.776,2147.91,15.3884,False
1np6_1,-325.191500,-210.704,-443.35,4842.59,-25.8175,False
1np8_1,-44.542080,-45.3443,-29.2784,1634.05,6.6579,False
1ns5_1,-110.541120,-72.6078,-43.9071,2211.22,-29.1519,False
1nvt_1,-164.602100,-113.963,-107.1,2784.1,-29.2191,False
1nzi_1,-137.196680,-65.3959,-20.2759,2199.93,-67.7456,False
1o12_1,-118.763000,-72.4955,-159.188,2200.69,-14.4299,False
1o64_1,-114.819700,-84.9493,-51.687,2211.95,-19.533,False
1o6d_2,60.496400,99.761,-104.976,2362.56,-18.2694,False
1o92_2,-7.215318,-39.2282,-4.65559,2143.74,32.944,False
1obb_1,-231.108300,-95.9558,-776.19,2775.89,20.0855,False
1ohq_1,-96.244140,-54.9375,45.8578,1855.39,-50.4782,False
1okj_1,-106.443180,-76.7476,-66.0774,2040.19,-16.4801,False
1or3_7,2951644.483400,2.951616E+06,68.48,1820.44,14.7874,False
1ors_10,-91.217840,-34.2007,-65.9707,2204.87,-43.823,False
1ov4_1,-73.371353,-35.4729,-188.926,755.423,-0.113253,False
1ovn_1,-95.071830,-41.2362,-244.356,1752.69,-4.96443,False
1oya_1,-73.609320,-58.5184,-67.2161,1504.33,-1.6477,False
1p35_11,-171.593610,-75.5003,-514.367,2378.47,6.78009,False
1p8l_1,-79.815000,-43.9254,-319.849,2658.53,28.0802,False
1pcz_1,10.792298,54.0429,-220.203,3044.75,0.789998,False
1pd5_26,45.418470,-6.80683,171.8,2119.72,17.8653,False
1poe_1,-25.554330,-26.1992,-30.7834,631.98,6.80155,False
1pp3_2,-93.304750,-74.2262,-53.3849,2344.82,-8.40157,False
1prx_1,-230.100600,-123.611,-369.494,5007.85,-32.5908,False
1psa_1,46.254700,-16.2756,177.621,2189.66,27.0061,False
1psq_1,-143.126700,-45.5109,-170.251,1805.86,-63.5656,False
1pxv_1,-113.431000,-24.7649,-250.694,2205.24,-38.5273,False
1q1e_2,-159.715600,-84.2899,-155.253,2573.93,-44.3751,False
1q1n_1,-135.555100,-69.2604,-167.808,2250.79,-32.7331,False
1q4j_1,-84.718520,-47.7744,47.7824,1614.08,-46.5006,False
1q7s_3,-145.522600,-84.2384,-194.98,2063.5,-22.2882,False
1q98_1,-103.999300,-52.8434,-155.386,1562.23,-20.0787,False
1qex_1,-103.895200,-66.8611,-114.302,2459.41,-14.1737,False
1qex_6,-63.079800,-43.1207,-31.7045,2704.56,-13.6182,False
1qg7_1,-100.967770,-80.3455,-83.0734,1925.54,-4.00759,False
1qhm_4,40.201220,65.0857,-72.1449,2961.48,-10.4555,False
1qhq_3,-48.309600,-32.4005,14.152,1073.97,-18.7395,False
1qkd_1,29.089680,33.7595,-66.2615,649.628,8.58248,False
1qmj_1,-67.794130,-58.8399,-13.9712,1137.18,-6.15999,False
1qpg_1,-134.282700,-73.5453,-477.958,2376.33,34.8542,False
1qq7_1,-183.590000,-47.5859,-413.255,4361.74,-53.3531,False
1qrd_1,-76.256955,-46.9481,-150.254,1259.63,0.741945,False
1qto_1,-226.455900,-137.969,-108.948,3191.77,-66.6973,False
1qvt_19,-35.472510,-28.8018,-2.28255,827.442,-6.2142,False
1qvw_1,-63.395700,-40.8354,-154.206,1138.88,8.2809,False
1qxh_1,-91.368100,-44.6608,-159.449,1396.21,-14.8175,False
1qya_1,-165.465500,-88.665,-153.195,2101.69,-46.1615,False
1r5q_2,-123.390900,-74.1697,-105.817,1964.61,-28.0578,False
1r7j_1,153.562400,226.964,-201.051,2107.59,-33.1914,False
1rcw_2,-109.144150,-23.932,-454.705,1767.68,5.72885,False
1rfy_1,-55.404140,-33.1785,18.5788,2108.28,-25.9414,False
1rk4_1,-153.459400,-78.9193,-173.722,2244.77,-39.7957,False
1rkr_5,-25.296758,-5.90975,-2.58154,916.097,-18.8707,False
1rp5_3,-41.219100,-51.7699,-220.012,3914.92,54.5532,False
1rpa_1,-179.595100,-67.7092,-328.606,2789.31,-46.1647,False
1rtv_1,219.710530,253.961,-153.22,1070.37,-3.60647,False
1rz6_2,-135.304100,-54.8333,-209.139,2573.86,-38.643,False
1s9c_6,-128.963100,-65.8765,-152.915,2149.71,-32.5036,False
1s9p_1,-150.441600,-102.248,-310.271,2644.06,13.8606,False
1s9p_5,-72.745600,-52.4973,-3.952,1770.24,-19.4579,False
1se8_1,-37.516384,-41.6304,22.8237,1346.54,-0.450724,False
1sfl_1,-68.664770,-4.10281,-275.694,1926.33,-9.42316,False
1sfr_4,-102.429660,-53.1156,-39.7793,1727.33,-41.3582,False
1si5_3,238.627100,329.396,-555.078,1871,20.2467,False
1slb_2,-80.965760,-50.6511,-126.595,1159.85,-4.99566,False
1som_1,-53.904800,-41.048,-135.601,1622.03,14.2634,False
1srr_1,-23.837035,-12.963,-55.5002,1111.4,0.226005,False
1sw2_4,-79.211180,-78.1036,-80.7399,2271.89,15.0404,False
1sxs_1,-89.851800,-58.5705,-46.9555,1452.85,-21.8902,False
1syq_8,-19.198000,-49.0259,126.831,1978.44,4.4617,False
1t0i_1,-157.315400,-86.943,-220.94,2730.99,-26.1844,False
1t1e_2,5267.051100,5256.33,-270.334,5323.51,64.7879,False
1t1l_1,-114.326560,-39.1257,-27.0883,2100.62,-69.7832,False
1t3w_1,-174.613220,-101.538,-45.7351,2932.53,-63.9282,False
1taq_5,-108.472800,-112.715,-100.036,4079.53,24.2494,False
1tf5_1,-116.732000,-65.6994,-452.269,2249.68,39.4212,False
1tfg_1,-178.419700,-102.353,-103.609,2571.39,-55.3449,False
1tmk_1,-118.565200,-62.3081,-103.928,1727.56,-35.4715,False
1to0_3,-74.324480,-44.5678,-28.2989,1953.41,-24.0969,False
1to4_1,-78.940280,-46.1632,-91.6114,1290.45,-14.4548,False
1tvd_1,-143.392700,-64.0201,-170.272,1734.51,-45.3182,False
1txn_1,-331.180700,-190.734,-314.905,5657.57,-77.4657,False
1tz3_1,-37.274788,-19.7054,8.37006,1609.41,-19.2434,False
1u07_1,-101.343780,-58.0779,-239.656,2333.75,4.66532,False
1u20_1,-202.783600,-133.054,-201.622,2678.5,-29.4052,False
1u2j_24,209.765820,200.573,37.5561,2209.27,1.6816,False
1u3z_1,-91.246380,-53.1858,-85.7774,1306.7,-20.9051,False
1u4m_1,-95.677400,-55.1724,-122.334,1554.62,-16.0382,False
1uat_2,-71.876960,-42.097,-45.4773,1181.04,-20.6845,False
1ud0_7,-133.068820,-65.3508,-89.9596,3586.47,-49.7261,False
1udv_1,-44.553360,-28.8811,-124.573,1249.38,9.24234,False
1uer_2,-147.532980,-69.025,-98.4009,1805.01,-58.8278,False
1ujk_3,-210.543400,-104.548,-590.344,2805.32,12.0734,False
1ujn_1,-112.111082,-89.8667,-4.43591,2045.05,-21.3572,False
1ukg_1,-47.834670,-20.6249,-123.994,1581.02,-2.41097,False
1uou_1,-98.392410,-76.7778,-74.3642,1744.38,-6.74177,False
1usm_1,-105.264900,-50.5734,-134.394,1406.08,-27.8127,False
1uvz_3,-44.386400,-39.2019,69.093,988.496,-19.0031,False
1v2a_1,-154.258100,-84.6815,-97.182,2613.72,-50.1402,False
1v2z_1,-113.715100,-71.8964,-182.678,1656.21,-5.2831,False
1v4t_4,7.481200,-12.7838,177.055,2198.06,-15.146,False
1v4v_1,-170.431000,-94.5457,-61.013,2469.93,-63.6827,False
1v98_2,-32.831776,-38.694,-8.67573,1173.2,7.59737,False
1vez_2,-97.880740,-58.9625,-66.9632,1644.22,-25.5256,False
1vg9_2,-5.662160,13.6546,-115.935,2178.64,3.87024,False
1vh0_8,-82.696040,-50.0552,-32.4982,2478.58,-26.1412,False
1vic_7,-102.944200,-79.7487,-209.98,2362.59,18.8005,False
1vok_6,-85.490110,-48.2176,-217.874,2256.78,6.30229,False
1vpl_1,-51.247493,-31.4229,-103.236,1353.48,0.822607,False
1vqu_1,-135.035520,-87.1612,-23.3381,1875.28,-43.2067,False
1vr0_1,-146.106890,-49.1145,-448.232,1987.37,-7.34599,False
1wac_4,259.004310,229.841,6.51105,2409.08,27.8611,False
1wlg_3,-109.977200,-94.8262,-234.394,2446.24,31.7278,False
1wn2_1,-142.138180,-77.4212,-34.6609,1998.55,-57.7848,False
1wtc_1,835070.197780,835114,-184.523,1828.1,-6.89762,False
1wwp_1,-41.116800,-11.5361,-58.1825,1708.23,-17.9442,False
1x1p_3,-103.901800,-87.5366,-217.984,2533.07,27.2316,False
1xef_2,-142.722130,-93.261,-232.382,2774.6,-2.98473,False
1xew_4,-31.037800,-30.3183,-177.409,2535.18,34.7623,False
1xi1_1,-116.363140,-67.9569,-214.849,2595.07,-5.43644,False
1xi3_1,-68.532400,-34.3448,-139.167,1673.85,-6.3542,False
1xkv_1,-79.355700,-70.4795,-106.794,2097.09,12.4826,False
1xkz_2,-63.139700,-30.3954,-210.855,1077.04,9.4267,False
1xlu_1,-45.468400,-27.2923,127.465,769.687,-43.6691,False
1xrc_5,-43.833500,-28.7438,-160.175,1638.75,16.9453,False
1xre_1,-135.402500,-69.6186,-87.598,1742.96,-48.2643,False
1xso_1,-107.845460,-74.0388,-33.3748,1399.77,-27.1317,False
1xsv_1,-147.753000,-78.9256,-233.717,2146.23,-22.084,False
1xty_2,-91.562092,-68.8995,-8.99046,1778.47,-20.8645,False
1xub_1,-47.911300,-17.3356,-238.469,1522.62,17.1181,False
1xuq_1,-131.461140,-66.1614,-79.0122,1732.24,-49.4973,False
1xur_1,-174.159680,-93.4593,-63.1604,2457.55,-68.0683,False
1xvq_2,-68.402480,-37.9228,-74.0654,1477.61,-15.6666,False
1xwb_5,-26.941180,-34.5701,82.5442,1217.66,-8.87992,False
1y67_1,-139.936400,-69.0284,-118.447,1795.06,-47.2186,False
1y6h_3,-0.007640,47.0409,-32.1507,2821.71,-40.6184,False
1y7h_2,-93.456726,-73.6803,7.16237,1750.68,-21.2089,False
1y7y_1,-104.765840,-55.4624,-52.9542,1446.49,-38.7126,False
1yad_2,-134.614680,-78.6527,-19.5489,1565.23,-52.0522,False
1yae_9,-92.673880,-22.2916,-331.707,2654.94,-4.04088,False
1ybz_2,-284.296100,-164.379,-338.456,4009.87,-52.2259,False
1ye5_1,-119.180800,-61.4748,-112.956,2435.88,-35.1148,False
1yem_1,-139.383580,-75.0317,-82.0199,1797.32,-47.9479,False
1yln_1,-244.101000,-132.482,-454.692,3876.32,-20.6806,False
1ysj_1,-142.322000,-99.5717,-69.6395,2115.9,-28.8224,False
1yv9_1,-46.213200,-38.7437,-100.689,1545.27,12.6683,False
1yvl_4,-243.231500,-106.553,-477.609,5076.14,-41.1567,False
1z72_1,-121.671100,-62.0619,-246.651,1891.36,-10.279,False
1z9p_1,-122.539534,-55.9266,-5.73867,1657.24,-65.4652,False
1zbh_2,-101.842404,-77.0658,-120.523,2062.08,-0.672004,False
1zbr_1,-22.143950,-9.05778,-48.2462,1281.49,-3.43693,False
1zc6_1,-41.722869,-0.688729,-176.237,1473.72,-5.78674,False
1zcj_3,-88.378630,-4.54093,-259.886,3338.21,-31.8605,False
1zh2_1,-113.970800,-36.1627,-543.354,1846.18,30.8627,False
1zjj_1,-157.925200,-101.181,-122.512,2342.38,-32.2418,False
1zlj_1,-36.027334,-37.2724,10.527,1134.78,-0.860334,False
1zp7_1,-135.800200,-91.5458,-104.395,2252.43,-23.3754,False
1zsz_1,-108.394300,-35.5667,-210.684,1303.07,-30.6908,False
1zxk_1,-183.644180,-105.488,27.6691,2614.85,-83.69,False
1zy2_1,-45.313100,-12.0428,-154.213,1031.7,-2.4277,False
1zzh_2,-156.929700,-81.4233,-124.306,2890.39,-50.6452,False
2a4a_3,-157.838420,-87.4731,-21.6721,2024.13,-66.0309,False
2a67_2,-111.857240,-41.2504,-81.8427,1955.16,-54.2383,False
2a8f_1,-58.708720,-37.7105,-43.9876,1104.54,-12.2007,False
2ac1_3,-70.829700,-93.9464,-11.3105,2781.36,25.3788,False
2aca_1,23.873950,23.5688,31.1157,1636.57,-5.91799,False
2ahm_21,-41.265610,-46.0816,-13.3715,2256.65,7.49029,False
2ajq_9,-112.157700,-65.6115,-322.836,2298.41,18.021,False
2aps_1,-126.953100,-63.0471,-22.462,1670.97,-59.4136,False
2ar8_1,-91.068700,-52.7459,-278.253,1990.9,17.3278,False
2axi_3,-228.391400,-133.913,-29.688,3135.89,-88.5408,False
2b0u_18,418.227260,420.571,-93.7962,2539.04,16.4155,False
2b5a_1,-134.318900,-78.3423,-136.816,1917.99,-28.6134,False
2b7l_1,-34.734740,9.60876,-137.13,1504.01,-16.9175,False
2b8h_6,77.846600,125.847,-155.299,2135.95,-16.9406,False
2bbh_4,-151.007700,-72.7514,-268.96,2325.12,-24.4643,False
2bde_2,-103.865310,-62.2816,-219.657,2043.27,2.34769,False
2bdm_2,-126.716500,-73.717,-448.021,2767.04,36.6047,False
2bdq_1,-141.575490,-86.7906,-256.445,2155.93,-3.49589,False
2bej_1,-146.711900,-86.7284,-184.585,1971.36,-23.0665,False
2bhm_2,-85.806600,-40.1178,-134.62,1889.06,-18.7648,False
2bho_1,-197.099580,-99.933,-64.8134,2175.87,-84.2039,False
2bm5_1,-122.486000,-83.159,-59.7335,1722.41,-27.3803,False
2bpd_1,-89.109560,-62.4594,-65.1688,1439.98,-13.6164,False
2brv_1,12.333820,-12.5443,-44.8104,2610.07,33.8402,False
2c2x_1,-149.286300,-104.663,-291.394,3128.77,13.6555,False
2c9s_1,-77.723080,-53.6623,-25.2604,1365.49,-19.0087,False
2cc3_1,-42.621490,-51.3908,79.7269,1719.99,-7.17607,False
2cd0_1,-93.516800,-51.0208,-64.1965,1460.31,-29.6567,False
2ctx_1,153.319450,143.767,-9.75475,1188.74,11.5034,False
2cw2_1,-159.304100,-49.2641,-293.692,1890.48,-51.3016,False
2cw3_1,-154.376040,-68.2029,-87.5287,1837.88,-68.6674,False
2cx4_1,-144.462700,-64.0169,-177.696,2045.63,-44.9066,False
2d13_2,-132.857880,-75.1761,-245.279,1772.13,-8.62598,False
2d4h_1,-31.607200,-46.6693,-10.4775,1668.92,17.1576,False
2dc4_1,-104.542660,-55.1336,-25.0053,1690.72,-44.408,False
2dh6_1,-108.548000,-67.226,-297.832,2164.08,18.2444,False
2dou_1,-183.083160,-125.078,25.5672,3310.2,-63.1186,False
2dpf_1,-166.541000,-86.2559,-142.222,2544.81,-51.8407,False
2dql_1,-148.838840,-71.0136,3.7328,2036.97,-78.5718,False
2dsj_1,-120.559960,-81.806,-86.1013,1698.03,-21.5337,False
2dvn_1,-70.567980,-43.1752,-152.878,1350.47,3.18282,False
2dwu_1,-179.142170,-105.778,-402.016,2891.9,7.03903,False
2dwy_6,-109.017380,-67.3238,-73.1174,2882.43,-27.0701,False
2e1d_1,-86.942100,-44.2878,-103.732,1753.07,-21.9079,False
2e2c_1,-43.047560,-12.3439,-76.9218,1210.72,-15.3193,False
2e46_1,384.998620,409.311,-24.7319,2428.31,-19.366,False
2eav_1,-90.459840,-52.3862,-196.056,1461.09,1.13756,False
2ebb_1,-71.177360,-22.3961,-32.1113,1506.48,-42.359,False
2ecf_1,-166.800900,-109.475,-181.844,2719.99,-20.9571,False
2egu_3,-93.152877,-66.12,-139.78,1525.35,0.923123,False
2ejn_1,-150.609980,-98.8719,-247.843,2526.48,-2.16948,False
2ekz_1,-16.711140,-24.1074,-40.5337,1452.44,15.503,False
2eo0_1,4.167240,11.7787,15.3642,1526.48,-10.6843,False
2erc_1,11.313160,-1.69736,-77.8524,2905.95,28.581,False
2ew2_1,-98.144120,-54.616,-95.8691,1939.67,-24.3543,False
2ewt_1,-59.223280,-36.8391,-37.1954,1129.63,-14.9451,False
2f00_1,-142.146800,-58.2926,-321.884,2460.51,-19.4774,False
2f1m_2,-64.300180,-61.09,-11.4402,2159.77,-0.92214,False
2f1z_5,207.733654,227.928,-2.95573,1749.67,-19.6032,False
2f5e_1,759.101640,788.559,-42.8153,2508,-20.8943,False
2f6s_1,-84.698520,-47.8284,-82.1731,1871.74,-20.4355,False
2f96_1,-157.104220,-103.193,10.5339,2416.18,-56.018,False
2f9q_2,-107.996600,-71.8651,-252.162,2214.25,14.3009,False
2f9q_3,337.236400,398.438,-19.462,2546.53,-57.3092,False
2fca_1,-88.412410,-66.9844,-132.85,1609.11,5.14199,False
2fco_1,-133.418660,-77.8519,-96.7383,2006.5,-36.2191,False
2ffv_3,-94.450460,-42.8001,-273.786,2343.78,3.10684,False
2fhq_1,-118.953940,-70.7667,-86.2092,2074.27,-30.9454,False
2fj2_2,-82.054600,-70.588,10.7165,1864.11,-13.6099,False
2fn1_1,-80.905920,-57.3548,-40.2551,1586.14,-15.5001,False
2fuc_1,-37.161300,23.8324,-341.432,2133.64,7.2927,False
2fv7_1,310.981550,327.309,-104.799,1140.12,4.63235,False
2g0h_1,-21.745740,-47.1107,121.773,1510.72,1.01036,False
2g3k_8,-76.102470,-44.2276,-151.733,1570.27,-1.52827,False
2g3p_1,-111.434890,-99.0643,-14.7797,3009.19,-9.41465,False
2g45_2,-249.151000,-104.749,-555.443,4252.39,-33.3134,False
2g7p_1,-136.311700,-78.1069,-153.06,2883.48,-27.5928,False
2gd5_1,-108.347530,-64.2404,-199.928,3329.68,-4.12153,False
2gff_1,-143.955000,-66.309,-202.68,2102.51,-37.11,False
2goj_1,-153.333100,-54.7427,-235.046,1906.1,-51.5812,False
2gpc_1,-149.978600,-66.1591,-195.803,1768.62,-44.6589,False
2gs2_1,-113.608490,-73.4204,-153.531,2042.2,-9.48189,False
2gsl_3,-79.469420,-23.7833,-93.0411,2062.61,-37.0779,False
2gwh_1,-82.190916,-34.2706,-237.655,781.965,-0.389316,False
2gz6_1,-30.808200,-14.0892,-213.077,768.261,25.8964,False
2h2w_1,-113.964710,-63.4208,-266.648,2115.7,2.78569,False
2h8k_1,-66.881440,-31.2915,-172.547,724.078,-1.08054,False
2h9u_1,90.936730,93.581,-42.2143,1574.84,5.79859,False
2ha7_1,-53.789800,-31.2482,-180.715,1156.43,13.6014,False
2hb0_1,-101.699500,-61.6238,-329.504,2177.68,25.8251,False
2hjd_1,-97.021100,-67.4922,-32.951,2051.44,-22.9387,False
2hk3_1,-170.055460,-97.2794,-76.1433,2270.61,-57.5474,False
2hku_1,-163.301400,-109.673,-188.814,2952.65,-15.8656,False
2hng_1,-81.541800,-40.1844,-127.025,1526.95,-15.9524,False
2hzb_1,-108.268760,-71.9271,-11.3408,2173.33,-34.0735,False
2i45_4,-59.203670,6.63545,-64.7271,2007.73,-52.8937,False
2i5p_1,-163.071700,-90.9312,-134.066,3169.46,-45.3273,False
2i6a_2,227.188800,281.6,26.754,2286.15,-59.762,False
2i7p_1,-53.907100,-21.1144,-217.351,1741.98,10.6775,False
2i91_1,53.948700,103.078,-420.633,2759.38,34.9973,False
2i9z_1,-124.829900,-68.3458,-136.019,1833.26,-29.2803,False
2ibm_4,-82.348180,-35.9652,-197.466,3150.86,-6.88978,False
2idl_1,-69.604480,-54.793,46.2121,1817.28,-24.0539,False
2ijd_5,-171.067900,-100.653,-484.091,3650.37,26.4033,False
2ikk_1,-34.481420,-10.3639,-69.4606,1791.72,-10.2254,False
2imn_1,-94.987600,-56.7417,-45.364,1306.67,-29.1731,False
2imz_1,-152.397000,-52.7492,-420.903,1566.05,-15.4672,False
2io3_12,-264.178500,-82.6679,-289.133,6890.4,-123.684,False
2isy_1,-81.529620,-49.9828,-61.9351,1614.7,-19.1598,False
2itf_5,-43.134670,-26.8653,-50.2724,827.153,-6.21489,False
2iut_1,-6.920100,-20.7961,59.1238,2446.47,2.05124,False
2iut_6,78.021400,70.4,-109.803,1618.34,29.582,False
2iy2_1,-159.081600,-105.609,-128.855,1957.87,-27.7016,False
2j3s_1,-77.118840,-63.8187,-60.5777,2196.16,-1.1846,False
2j3x_1,-50.906800,-65.1419,-129.677,2563.54,40.1705,False
2j3z_7,-54.642010,-54.3601,37.534,2623.75,-7.78871,False
2j7l_4,-87.393400,-97.1282,-186.338,2843.15,47.0024,False
2j80_1,-68.186430,-50.5669,-50.2729,1757.13,-7.56495,False
2j85_1,-113.917900,-73.8205,-52.261,1449.57,-29.6452,False
2j8m_1,-249.110700,-127.768,-409.795,3294.33,-39.3837,False
2j8w_1,-69.578120,-37.2263,-85.5356,1358.86,-15.2447,False
2j8z_1,-122.323000,-74.1641,-125.853,2479.71,-22.9883,False
2j98_1,-72.348890,-55.4322,6.64155,1330.5,-18.245,False
2jbx_1,-35.108390,-7.42197,10.8079,2097.19,-29.848,False
2jfp_1,-24.625351,46.3719,-352.212,1683.92,-0.554851,False
2jkr_34,-9.459320,-14.8727,-64.7246,2777.67,18.3583,False
2jlp_3,-75.916620,-51.2922,-66.6951,1314.4,-11.2854,False
2npn_3,-36.503700,-25.5951,-10.2337,658.807,-8.86186,False
2nsa_5,-181.592500,-108.082,-150.612,2483.58,-43.3881,False
2nsa_6,-103.923300,-103.227,-150.747,2596.7,29.4531,False
2ntx_3,-64.371300,-90.6356,14.3745,2583.64,23.3894,False
2nub_6,-80.349070,-41.8221,-208.981,2926.44,3.26923,False
2nvn_1,-189.826600,-111.359,-310.316,1817.04,-16.4044,False
2nwu_1,-57.736510,-35.9565,-95.8833,1094.6,-2.60335,False
2nwv_1,-180.596200,-77.6347,-411.911,1948.62,-20.5793,False
2nx9_1,-137.687560,-110.09,-129.843,3204.95,-1.62896,False
2nyb_2,-126.217600,-39.0488,-207.495,1850.75,-45.6698,False
2nys_1,-105.519016,-50.2164,5.13892,1845.01,-56.3304,False
2o1v_1,-203.617720,-135.211,-348.437,4031.96,1.28068,False
2o7m_6,-122.105600,-71.0758,-161.476,2078.41,-18.7346,False
2o9a_1,91145.111440,91163.6,-46.0253,1337.73,-9.2835,False
2oai_1,44.482700,-28.4601,249.308,1345.83,23.0812,False
2ob5_1,-138.607890,-80.1941,-280.231,2147.47,-2.36759,False
2ofj_1,53.244400,64.859,-205.147,2127.67,29.4148,False
2ogi_1,-54.934802,-43.7084,-2.96401,1136.65,-10.6336,False
2oik_2,-136.800089,-23.5228,-563.96,2621.9,-0.485289,False
2omk_1,-198.149300,-110.702,-133.778,2785.74,-60.6917,False
2ont_3,1975.946340,2045.55,-94.4958,3069.25,-50.7045,False
2oo2_1,-128.576120,-58.5751,-56.7281,2003.9,-58.6554,False
2oqt_5,-82.603852,-59.6871,-0.552759,1855.41,-22.8062,False
2ov8_1,-97.557690,-52.8058,-182.014,1593,-8.34909,False
2ovg_3,-75.554580,-47.0007,-18.3464,1337.53,-24.8846,False
2ovi_2,-106.772060,-55.1414,-208.964,1944.17,-9.83786,False
2oz6_1,-173.397988,-111.529,-1.84644,3313.47,-61.4997,False
2ozv_1,-83.603400,-37.2034,-125.949,1666.87,-21.2102,False
2p22_22,347.213650,366.189,-62.7692,2804.52,-6.42151,False
2p5u_1,-158.777040,-105.449,-26.1827,2360.51,-48.0915,False
2pcj_1,-64.713880,-24.7724,-33.5294,1348.52,-33.2356,False
2pf4_5,-27.919550,-33.497,-19.9202,2948.38,9.56149,False
2pfi_1,-54.940480,-25.972,-31.2164,1648.28,-22.7252,False
2ph0_1,-118.885100,-51.9036,-274.382,2012,-12.1051,False
2ph1_1,-73.104000,-52.0607,18.995,1383.56,-24.8423,False
2pij_1,-49.395660,-40.4877,-54.3349,1149.99,1.95902,False
2pju_1,-113.467060,-62.3287,-69.2818,1740.51,-37.282,False
2pl1_1,-139.554650,-77.0784,-331.204,2114.21,3.76455,False
2pls_5,-12.354390,-4.09445,-95.9037,896.411,10.9208,False
2pmr_1,-73.339500,-17.788,-186.243,1983.01,-18.3029,False
2pn5_2,-191.325850,-112.635,-427.32,3631.68,6.77315,False
2ppv_1,-79.039260,-41.6092,-11.7998,1994.87,-35.0701,False
2pr8_3,-19.736760,23.3758,-43.2363,2828.22,-34.4653,False
2pwj_2,-103.829880,-57.4521,-18.3439,1729.78,-42.709,False
2pzz_1,-78.225600,-55.9515,-58.443,1405.31,-10.5855,False
2q24_2,-80.212125,-51.8589,-140.463,1669.87,-0.260625,False
2q30_4,-155.424800,-83.5822,-296.249,2568.86,-12.5928,False
2q4n_1,-97.560220,-67.3603,-83.9746,1893.89,-13.405,False
2q5c_3,2743500.626500,2.743537E+06,-86.412,1326.97,-19.0911,False
2q7d_1,-272.344360,-148.659,-583.591,3639.7,-6.96716,False
2q8r_2,-130.936840,-80.5821,-37.5522,1694.8,-42.8443,False
2qaz_2,-101.050580,-51.6561,-68.5634,1801.8,-35.6818,False
2qc7_2,72.825740,137.071,-322.092,2375.63,0.17314,False
2qgh_1,-434.842300,-199.548,-952.005,7293.45,-44.8933,False
2qld_1,-104.838100,-53.115,-119.63,1721.13,-27.7971,False
2qlx_2,-289.072000,-134.966,-562.834,2978.09,-41.5392,False
2qms_1,-124.062700,-70.9237,-184.968,2244.66,-16.1454,False
2qrr_1,-122.534450,-66.4217,-295.619,1870.53,3.01105,False
2qsq_1,-81.322180,-56.0599,-54.7274,1536.06,-14.3168,False
2qxl_1,-137.515300,-61.7334,-545.177,2124.44,33.2535,False
2qxy_1,-59.093050,-29.5214,-196,1054.02,9.62835,False
2qyu_1,-217.195000,-124.16,-605.469,5393.85,28.0588,False
2r3v_6,-143.521500,-73.7785,-208.533,1925.63,-28.0364,False
2r7h_1,-128.350200,-66.6963,-228.798,1560.17,-15.8943,False
2r8q_1,-76.472482,-56.3795,-9.74891,1634.92,-18.1432,False
2rax_22,-141.601700,-52.7722,-143.204,2408.68,-60.1887,False
2rc3_2,-169.501000,-81.0553,-349.354,2529.21,-18.5749,False
2rcv_2,-135.818880,-68.2183,-86.8774,1734.07,-50.2251,False
2rdi_2,-84.266700,-68.1926,-254.073,2165.65,34.7405,False
2rgv_1,-60.428000,38.2955,-186.54,3343.41,-61.4155,False
2rhj_1,-119.125100,-81.0177,-126.622,2265.35,-12.783,False
2snw_1,-45.584580,-29.9474,-18.5294,766.715,-11.9313,False
2tpt_1,-127.811300,-68.5743,-137.309,1613.95,-31.7752,False
2uzj_8,-103.851050,-91.7482,-40.6471,2546.11,-3.97343,False
2v3t_1,-34.200580,-71.5765,50.5301,2171.46,27.2699,False
2v54_1,-67.435860,-12.2688,-83.6023,1787.43,-38.4466,False
2v5n_1,25.900560,13.9301,43.8926,2279.28,3.19194,False
2v9c_1,-210.521800,-117.753,-291.819,2517.89,-34.405,False
2vj4_7,-105.658800,-67.2155,-78.903,2045.41,-22.6627,False
2vnc_8,4.819100,-32.9215,113.14,2582.98,15.1126,False
2vpk_1,-166.483600,-61.8828,-298.357,2715.44,-44.9294,False
2vrn_1,-136.236680,-76.7278,-266.288,1979.82,-6.25128,False
2vsc_4,-281.871490,-205.228,-357.309,4702.65,-5.18169,False
2vx8_1,-210.507300,-140.564,-43.262,4047.68,-61.2909,False
2w0l_2,-80.519180,-44.75,-40.7724,1121.27,-27.6147,False
2w68_11,-55.474820,-51.2674,-13.3948,1527.44,-1.52846,False
2w7w_1,-141.276000,-53.4632,-237.61,1941.61,-40.2908,False
2wcu_1,-127.430400,-81.7362,-120.152,1806.7,-21.6638,False
2we8_2,-129.166120,-84.71,-27.4236,1822.69,-38.9714,False
2wfc_1,-88.302620,-46.0561,-57.5056,1359.59,-30.7454,False
2wfh_1,-125.366700,-79.7895,-124.655,2505.63,-20.6462,False
2wnh_2,-87.297600,-82.0793,-73.2142,2644.57,9.42454,False
2wnh_5,-82.619700,-72.9247,-157.592,2090.17,21.8234,False
2ws2_1,-179.869000,-88.2649,-297.437,2353.1,-32.1167,False
2wui_1,-64.638500,-12.0127,-210.497,2671.18,-10.5264,False
2x2a_1,-111.669070,-75.0974,-149.455,1818.65,-6.68067,False
2x2u_3,220.054276,251.865,-6.99962,3008.8,-30.4108,False
2x4i_1,-80.882700,-44.6302,-47.8235,1562.58,-26.6878,False
2x6g_7,-72.532680,-49.8703,-58.0749,1454.54,-11.0474,False
2xbf_2,-73.641200,-51.1889,-189.942,2117.3,15.5361,False
2xcr_4,-21.076600,27.1773,-330.424,3048.43,17.8309,False
2xdp_6,92.217100,198.569,-368.209,5379.47,-32.7101,False
2xeq_1,-49.022800,-31.2308,-143.358,2050.97,10.8796,False
2xeq_5,-77.330020,-47.3012,-42.3766,1915.88,-21.5535,False
2xer_3,-42.415840,27.2748,-328.003,3207.23,-4.09004,False
2xeu_1,-56.058740,-42.5351,31.0748,1076.95,-19.7386,False
2xhf_1,-100.245240,-45.8239,-88.8717,1445.24,-36.647,False
2xiq_1,-110.932100,-92.6978,-311.871,2780.29,44.1399,False
2xj3_1,-112.591800,-66.9329,-56.9,1706.77,-34.2789,False
2xj9_1,-165.828780,-93.3269,-404.319,3795.24,8.36192,False
2xss_2,-352.571800,-196.733,-447.905,6887.03,-66.2578,False
2xt2_1,-138.937600,-73.5232,-272.097,1853.73,-10.995,False
2xwc_1,-85.211440,-60.2926,-41.7652,1780.94,-16.5658,False
2yaz_6,-143.360200,-86.3171,-384.993,2887.96,19.9555,False
2ycj_1,-195.625200,-131.91,-128.925,3211.58,-37.9302,False
2ym0_5,-120.261300,-81.2408,-64.5645,2485.17,-26.1076,False
2ym9_8,-88.341460,-44.0202,-91.3248,2376.95,-26.0563,False
2ymz_2,-68.660480,-44.1353,-66.8074,1443.43,-11.1637,False
2yvq_2,224.417960,286.159,-14.3797,3401.56,-58.8651,False
2yvu_1,-127.365200,-45.5711,-463.08,2227.51,10.8219,False
2ywa_1,-113.529500,-15.379,-400.467,2286.52,-18.0571,False
2yxz_2,-292.161800,-163.908,-377.589,5627.03,-52.736,False
2yy9_1,-153.025700,-73.8451,-186.388,1952.48,-41.903,False
2z00_2,-214.141100,-97.5284,-676.785,2118.77,18.7443,False
2z0f_1,-47.114280,-23.3709,-104.264,1479.1,-2.89058,False
2z6f_1,-26.670990,-21.6203,-32.0488,631.806,1.35907,False
2z7c_2,-14.431606,-15.8531,1.89327,1493.93,1.04284,False
2zb3_4,-59.223200,-10.2048,-390.202,2435.07,29.022,False
2ze3_1,-348.981400,-182.86,-209.592,5565.51,-124.203,False
2zhg_1,-131.008890,-59.9997,-318.658,3355.34,-7.27759,False
2zkj_2,-71.863460,-49.8325,6.7717,1677.39,-23.3853,False
2znh_1,-815.119300,-514.889,-1050.69,11036.9,-90.0923,False
2zoz_2,-33.482540,-21.822,-39.7296,742.357,-3.71462,False
2zu1_3,-43.258760,9.615979E-02,-81.7926,1594.47,-26.9964,False
2zv3_3,-101.693860,-61.3806,-73.7063,1925.9,-25.572,False
2zvz_1,-105.135230,-50.8696,-226.852,2223.29,-8.89523,False
2zw2_1,-209.656900,-90.408,-413.38,3201.33,-36.5729,False
2zxy_1,-30.971100,-23.8599,-20.3737,862.609,-3.03646,False
2zz8_1,-129.713602,-79.4105,-9.29351,2568.2,-48.4444,False
2zzn_2,-39.777280,-7.81866,-165.687,2388.27,1.17878,False
2zzt_1,-60.275402,-40.7594,-7.26851,941.398,-18.0623,False
3a1d_5,-110.840670,-82.6532,-177.903,2294.01,7.39313,False
3a44_1,-267.296500,-66.9031,-599.126,7210.06,-80.5682,False
3a9i_1,-217.468900,-127.306,-378.632,4020.91,-14.4365,False
3aad_12,53.035799,79.565,-132.417,1863.61,-4.580113E-02,False
3ajz_1,-38.759870,-20.1022,-110.423,1231.12,3.42693,False
3al9_1,-111.524280,-42.8728,-349.454,1673.48,1.23932,False
3aln_1,-104.078200,-88.0041,-131.09,3388.56,10.1439,False
3ani_1,-142.973220,-92.2804,-99.1256,2180.4,-30.8677,False
3aos_1,-111.736600,-92.0173,-224.325,2352.91,25.1457,False
3aqt_1,-89.307280,-54.0544,-156.809,1671.04,-3.89108,False
3atp_1,778.141200,822.492,-135.778,2787.06,-17.1952,False
3auf_1,-130.614960,-87.1415,-169.795,1894.27,-9.51446,False
3aux_2,-66.356600,-24.4887,29.539,3351.52,-47.7757,False
3aw8_1,-134.105400,-84.7173,-195.526,2570.36,-10.2829,False
3b39_3,-68.497200,-71.3876,-98.863,2799.31,22.663,False
3b4u_1,-210.332400,-104.38,-302.406,3162.17,-45.4712,False
3b7h_1,-166.230300,-80.278,-272.532,1753.92,-31.4459,False
3b7m_6,-84.731100,-47.0697,-86.8395,2101.44,-20.2935,False
3bde_2,-183.171300,-120.122,-190.6,2397.46,-24.9293,False
3bdl_3,-498.678300,-306.803,-1066.52,9450.58,21.4287,False
3bif_1,-30.147980,-30.0989,-40.3314,700.413,8.0172,False
3bjr_1,-142.657900,-51.7803,-382.935,1959.43,-14.2906,False
3bjv_1,-33.756800,-30.3107,128.062,1997.59,-29.0585,False
3bl8_1,-110.400160,-60.9583,-66.0313,1744.48,-36.2356,False
3blc_3,-130.280920,-52.7949,-364.384,4115.47,-4.60922,False
3bqa_1,-27.265880,-49.8073,58.9106,2459.8,10.7593,False
3bs3_1,-40.886320,-31.4511,-32.0044,840.037,-3.03434,False
3bwv_1,-64.637040,-9.84954,-196.452,1787.36,-15.4971,False
3bxh_1,-69.314300,-36.2215,-89.876,1246.39,-15.1176,False
3bxx_1,-140.144500,-97.1283,-159.058,3346.12,-11.2046,False
3bxz_1,-57.757040,-22.6759,14.0553,2056.02,-37.8922,False
3by8_2,2645.647240,2672.72,-167.272,1900.42,6.38164,False
3c1q_1,-36.072360,-65.3854,47.4217,1798,19.8287,False
3c5q_1,-399.221300,-161.743,-981.439,7179.04,-41.1905,False
3c6b_1,-152.225500,-66.9384,-136.965,1815.29,-57.8941,False
3c8j_1,-154.164540,-67.634,-42.5527,1589.36,-78.02,False
3c8x_2,-142.547047,-108.821,-173.068,3129.43,0.887553,False
3c9g_1,-61.739070,-42.6715,-73.7421,1177.83,-4.31915,False
3cb2_1,-207.602000,-119.744,-290.985,3373.6,-29.661,False
3ccg_1,-77.779720,-49.8053,-88.5181,1516.52,-10.2708,False
3ce1_1,-86.620040,-53.9911,-75.5112,1307.65,-17.5267,False
3cei_1,-135.401040,-58.3369,-88.5922,1771.12,-59.3457,False
3chi_1,-143.022400,-83.5656,-127.531,2122.11,-33.9506,False
3cjw_1,-87.747900,-41.9753,-288.586,1969.2,11.9446,False
3cl3_7,-100.350800,-30.0958,-74.652,2615.05,-55.3246,False
3clk_1,-97.785440,-65.3717,-69.4387,2099.6,-18.526,False
3clv_1,-101.027500,-48.3948,-191.523,1548.21,-14.3281,False
3cnk_1,-129.694100,-84.0884,-175.015,2033.19,-10.6027,False
3cpe_5,-119.957270,-118.619,-30.9117,3528.07,4.84407,False
3crj_1,-179.801400,-86.1357,-385.868,3014.01,-16.4921,False
3ctz_1,5821.332600,5958.88,-315.726,3201.36,-74.4022,False
3cwc_1,-113.474620,-74.4716,-61.8631,1666.06,-26.6304,False
3cwn_2,-99.920760,-69.507,10.4202,1529.9,-32.4978,False
3cyv_1,-148.365800,-74.2619,-259.522,2154.52,-22.1995,False
3cz7_3,61.340150,134.39,-400.918,2405.94,7.13375,False
3d6r_3,-60.456900,-37.8938,-44.9655,1406.71,-13.57,False
3d7a_1,-63.963720,-34.8688,-98.9859,1217.74,-9.29774,False
3d7q_2,-166.030000,-76.6531,-276.821,2067.36,-34.0127,False
3d8u_1,-195.395040,-112.87,-44.1152,3152.83,-73.702,False
3da8_1,700.117900,742.457,-141.27,1919.5,-14.0851,False
3dcj_1,-60.072470,-41.9065,-139.806,1310.5,9.79523,False
3dd9_1,-297.948600,-163.864,-287.709,5393.47,-76.5428,False
3ded_1,8.224200,-32.8692,126.214,1217.77,15.8506,False
3dex_1,-111.336700,-72.2512,-273.226,1722.3,15.5597,False
3dh1_1,-114.113620,-74.866,-27.7816,2227.59,-33.6913,False
3die_1,-586.179800,-385.734,-735.932,7402.35,-53.2594,False
3dih_2,-70.356200,-51.7521,38.8565,1650.93,-26.3754,False
3dka_1,-117.377600,-68.5392,-115.411,1935.89,-25.7562,False
3dl3_1,-142.240700,-66.7553,-140.516,1753.72,-47.3822,False
3dm8_1,-129.779320,-86.9845,58.1524,1884.61,-54.4253,False
3do5_1,14558035.551100,1.455812E+07,-281.142,3232.77,-28.2205,False
3dpt_1,-143.707493,-61.2725,-408.679,2755.3,-0.699193,False
3dqp_1,-147.425500,-68.9454,-138.661,1649.34,-50.7479,False
3dqv_12,-81.789500,-49.8781,-269.105,3600.98,21.9096,False
3dqz_2,-105.276400,-77.7368,-38.732,1802.6,-19.7932,False
3dui_1,-65.042412,-57.9745,-34.7352,1327.12,-0.120872,False
3duv_1,-164.484300,-119.72,-133.552,2833.25,-18.0539,False
3dvf_1,-74.792540,-43.0261,-48.9152,1286.98,-21.9834,False
3dvi_1,-86.172146,-53.2297,3.28277,1400.79,-33.599,False
3dxb_16,-116.468000,-86.5595,-264.364,2571.38,22.9643,False
3dyd_1,-296.026000,-152.514,-501.523,4795.78,-43.2074,False
3e6d_1,-359.420400,-167.881,-543.693,4911.48,-82.8008,False
3e7k_14,-99.659660,-78.8238,-28.6733,2624.12,-15.1012,False
3e7p_1,-91.658760,-72.4639,-34.7113,1630.91,-12.2526,False
3e8s_1,12004538.000740,1.200458E+07,-67.6113,1474.9,-28.477,False
3eb8_3,12.763680,43.9812,-40.0226,3272.99,-23.213,False
3ec9_1,-118.613200,-59.2526,-201.54,1562.33,-19.0526,False
3eeg_1,-57.891340,-14.4815,-27.1557,1443.69,-37.9787,False
3ees_1,-73.179230,-48.4544,-84.5226,1770.86,-7.82031,False
3efb_1,-83.674300,-35.5403,-178.907,1707.81,-12.3526,False
3egj_2,-121.957320,-70.9701,-238.802,1812.53,-3.22682,False
3ego_1,-115.257712,-61.7132,-3.10906,1578.07,-52.9227,False
3ehc_1,-150.617600,-78.7766,-150.613,1825.32,-41.7184,False
3eij_1,-209.667900,-107.245,-440.468,3017.83,-14.3293,False
3enm_11,-155.249900,-74.4605,-420.721,3713.56,3.3548,False
3eoq_1,-94.518520,-57.962,-74.0351,2005.97,-21.7495,False
3erj_1,-89.885580,-70.3988,31.8831,1901.29,-25.8634,False
3esf_1,-177.599300,-67.5405,-270.727,1810.81,-55.9134,False
3eul_6,-21.351300,40.452,-230.6,1383.4,-15.6833,False
3eus_1,-114.313600,-67.5992,-121.544,1760.09,-22.4056,False
3ewb_1,-83.570000,0,0,-999999,-83.57,False
3ez9_2,855.923300,925.843,-295.415,4473.24,-10.8367,False
3f14_1,-75.762760,-59.0621,-32.2333,1389.3,-10.254,False
3f3y_2,-49.105300,-36.835,-112.737,1137.83,10.2771,False
3f4k_1,-114.211900,-69.2398,-135.359,1670.47,-17.9003,False
3f8h_1,-229.576300,-122.014,-320.635,2673.01,-43.4353,False
3f9s_1,-148.242300,-45.4221,-319.647,1978.73,-38.8908,False
3fb3_1,-402.314700,-271.947,-472.489,5552.97,-35.8699,False
3fbt_2,-66.408710,-54.2372,-38.3952,1632.16,-4.49247,False
3fbu_1,-149.902700,-59.2195,-212.999,1579.08,-48.0834,False
3fcx_1,-29.074800,-38.7066,-103.733,1813.94,30.3784,False
3fdg_1,-97.588870,-45.0921,-231.549,1609.58,-6.18697,False
3fe1_7,-101.287200,-100.927,-143.835,2467.96,28.4068,False
3ffn_1,-80.825480,-50.0516,-141.224,2372.43,-2.52908,False
3fg3_1,-54.194120,-71.4124,-63.5061,2869.89,29.9195,False
3fg6_42,-77.402800,-62.4786,-163.038,2125.45,17.6834,False
3fh0_1,-38.984200,-12.5031,-251.875,681.01,23.8939,False
3fjo_2,-107.387300,-62.7163,-287.561,2929.8,12.8412,False
3frl_1,-12.641520,31.8918,-14.9966,2278.49,-41.534,False
3frs_2,-97.872700,-71.127,-190.922,2310.58,11.4387,False
3ftj_3,74.698000,96.4799,-95.8996,2280.67,-2.60198,False
3ftj_5,-51.506480,-44.5827,-68.5697,2823.18,6.79016,False
3g0f_1,-209.488900,-133.162,-126.679,3397.11,-50.9911,False
3g0k_1,518.627200,585.401,-197.312,2569.72,-27.3114,False
3g13_1,-99.371190,-72.371,-164.055,2033.76,5.81081,False
3g17_2,-121.408760,-74.793,-61.6498,1965.96,-34.2858,False
3g45_1,-80.919072,-47.6953,-170.832,2002.34,0.942628,False
3g48_2,-81.180430,-34.5836,-259.573,956.086,5.31777,False
3g7p_1,-79.003100,-42.004,-113.019,1303.14,-14.3953,False
3gff_1,-112.173260,-48.5879,-63.3583,1922.29,-50.9137,False
3ghy_3,144.082410,178.021,-135.422,2082.48,-6.85419,False
3glv_1,-117.382090,-37.6485,-371.888,1453.74,-5.35599,False
3gor_1,-134.577860,-85.3253,-50.7773,2109.25,-39.0971,False
3grl_1,-66.381730,-69.1118,-35.7756,3217.04,9.88519,False
3gty_7,-61.788300,-43.6648,-143.538,2337.67,10.5841,False
3gw2_1,-126.620660,-94.0852,-88.2508,2656.6,-14.8853,False
3gz1_1,-154.458440,-102.645,-43.9652,2732.51,-43.0204,False
3h1s_1,-147.066100,-54.0574,-248.585,1893.43,-43.2917,False
3h2d_1,-125.888000,-76.5715,-305.209,2118.49,11.7253,False
3h7l_3,-44.448862,-38.3343,-4.06691,893.417,-5.30118,False
3hde_2,-86.729300,-36.2565,-170.261,1724.66,-16.4206,False
3hdv_3,-66.742700,-27.3625,-128.262,863.745,-13.7278,False
3hf7_2,-82.817040,-55.468,-53.2032,1592.68,-16.7084,False
3hgv_3,236.716500,248.715,-144.76,2144.31,16.9535,False
3hh7_1,-83.216810,-47.4444,-152.564,1166.33,-5.25961,False
3hha_4,-43.880240,-26.2221,-36.4972,971.476,-10.3587,False
3hhv_1,-64.661880,-51.5441,41.2766,1495.17,-21.3731,False
3hie_3,-206.375600,-96.9308,-264.733,4339.34,-56.4982,False
3hj6_1,126.458400,171.381,-85.378,2130.72,-27.847,False
3hjg_1,-87.008800,-72.7536,-37.3816,1587.24,-6.77888,False
3hjp_1,-99.206400,-36.1706,-40.3885,1681.3,-54.9581,False
3hm7_2,-99.084420,-60.8351,-174.656,1833.87,-3.31812,False
3hmk_1,-86.151600,-43.2872,-101.864,1486.79,-22.4916,False
3hn2_1,-80.638010,-50.0387,-132.439,1632.08,-4.11151,False
3hna_3,-297.933300,-72.3807,-1077.16,5577.62,-10.1206,False
3hpn_1,-114.890910,-87.2725,-180.239,2623.74,8.42939,False
3hq2_1,-202.807200,-97.5558,-627.11,2793.42,20.1706,False
3hqx_1,-157.347500,-76.8977,-349.551,2419.95,-10.5396,False
3hru_1,-99.737180,-5.54498,-294.867,1534.31,-35.2188,False
3htv_1,-198.302700,-89.9384,-379.533,2166.93,-32.4577,False
3hv2_1,-81.438640,-51.4606,-111.409,1191.38,-7.69624,False
3hx8_2,-177.997000,-102.462,-197.308,2246.52,-36.0734,False
3hy1_5,-45.350800,-40.9839,-273.185,3581.04,50.2701,False
3hy8_1,-145.043180,-84.4659,-255.732,5031.02,-9.43088,False
3hyq_2,-103.281060,-61.3208,-27.7118,1464.16,-36.4179,False
3hz4_1,-167.843120,-131.505,-144.207,2638.53,-7.49672,False
3hzu_1,-149.733990,-112.82,-205.817,2463.14,4.24941,False
3i83_1,-86.386900,-18.2752,-222.114,2041.05,-23.6889,False
3i8b_2,-96.044500,-57.9355,-124.268,1782.18,-13.2554,False
3icw_3,-127.555740,8.01586,-268.434,3923.8,-81.8848,False
3ift_2,421.706050,440.052,-100.445,1962,1.74305,False
3igd_1,-107.683100,-22.5949,-324.502,1574.34,-20.1878,False
3igr_2,-182.446200,-77.9388,-172.168,2001.22,-70.0738,False
3ihl_5,-207.800200,-123.655,-120.594,3954.17,-60.0264,False
3ihr_3,2329.513288,2316.49,6.85994,3538.64,11.6513,False
3ijl_2,-33.653420,-32.6225,-12.8633,1544.49,1.54174,False
3jpw_2,-123.213500,-23.7002,-364.793,2621.32,-26.5547,False
3jr8_2,-83.203390,-41.0658,-4.32545,1280.2,-41.2725,False
3jth_1,-105.231460,-68.7766,-62.2713,2223.77,-24.0006,False
3juw_2,-173.027480,-82.0958,-437.597,1750.49,-3.41228,False
3jv5_2,-79.416300,-32.1536,-133.45,1380.38,-20.5727,False
3jv9_1,-67.119800,-54.024,-27.1683,2055.93,-7.66214,False
3jw0_13,307.828040,283.598,-19.7928,2144.45,28.1886,False
3k1m_1,-96.750580,-65.225,-168.225,1707.45,2.11942,False
3k44_21,-98.580110,-83.1224,-42.2989,2355.46,-6.99793,False
3k55_9,-417.246000,-216.208,-535.226,6748.11,-93.9928,False
3k5s_1,-48.948760,-29.6005,-124.191,2210.44,5.48994,False
3k5x_2,117.292800,143.966,-205.539,1829.87,14.4346,False
3k6k_2,-108.339780,-74.7009,-130.434,1795.76,-7.55208,False
3k86_1,-352.132000,-199.93,-318.288,5615.91,-88.5444,False
3k8v_9,-73.617030,-56.238,-9.00865,2413.84,-15.5773,False
3kay_1,-119.587200,-58.1577,-141.968,1707.49,-33.0359,False
3kb1_1,-62.785440,-30.1636,54.5413,1705.35,-43.5301,False
3kbf_1,-95.974220,-62.2342,-59.1541,1522.03,-21.9092,False
3kcn_1,-54.236130,-18.2923,-187.703,1240.94,1.59677,False
3keb_1,-134.857090,-65.0748,-366.433,1984,3.50431,False
3kg6_2,25.079478,34.9834,-5.64646,1326.6,-8.77463,False
3kg7_2,-65.166700,-28.9767,-103.93,1261.57,-15.404,False
3kg8_1,-98.868740,-49.8296,-13.2377,1573.37,-46.3916,False
3kga_1,-127.654900,-90.8979,-108.468,2279.68,-15.0634,False
3khp_2,-181.367000,-73.5291,-600.048,2775.25,12.1717,False
3kht_2,-84.479100,-23.5154,-175.668,1705.93,-25.8301,False
3kkc_1,-134.544380,-62.2088,-36.2844,1779.05,-65.0787,False
3knz_3,-139.086400,-63.9246,-205.698,3439.87,-34.0222,False
3kph_1,-299.157100,-178.229,-148.865,6596.6,-91.1551,False
3ksh_1,-131.310600,-44.0336,-345.833,1957.78,-18.1104,False
3kt3_3,-109.318300,-92.9971,-171.305,2912.42,17.9398,False
3ktm_12,-36.841400,12.1831,-158.882,3367.41,-17.2481,False
3kux_3,-56.348800,-36.8978,-35.843,1286.44,-12.2824,False
3kvb_1,-119.584120,-91.2265,-75.8581,2757.21,-13.186,False
3kza_1,53.065200,61.5701,-52.2962,836.832,1.95434,False
3l0z_5,-98.757160,-75.2085,-59.7123,1961.39,-11.6062,False
3l18_1,-151.030500,-70.6968,-165.802,1799.3,-47.1733,False
3l1e_1,-67.154120,-49.3106,-111.095,2068.17,4.37548,False
3l1w_2,-115.999720,-55.2072,-35.8251,1604.36,-53.6275,False
3l5z_1,-134.902100,-76.1242,-204.052,2006.06,-17.9675,False
3l6b_1,-103.477600,-57.2657,-103.292,1866.11,-25.5535,False
3l7o_1,-193.482800,-94.8382,-382.379,2701.89,-22.1688,False
3l9e_2,-79.950534,-61.9584,-9.79667,1502.78,-16.0328,False
3l9n_5,42.319000,67.3015,-213.686,1998.86,17.7547,False
3l9z_1,-133.419260,-99.7996,18.5172,2346.13,-37.3231,False
3lag_1,-43.305970,-43.7061,-44.9098,1523.6,9.38209,False
3lcr_1,-84.938532,-51.7259,4.33584,1590.05,-34.0798,False
3leq_2,-44.602130,-35.2209,-37.2138,1011.19,-1.93847,False
3lf6_1,-214.546500,-101.474,-104.61,2576.31,-92.1505,False
3lf7_2,-150.057500,-76.5293,-139.493,1924.94,-45.6296,False
3lfi_1,-129.410820,-66.4614,-90.5796,1912.12,-44.8335,False
3lhk_2,-244.985400,-116.344,-302.982,3299.17,-68.045,False
3lhr_1,-244.909100,-88.4526,-686.917,3283.13,-19.0731,False
3lhx_1,-117.668800,-39.1235,-174.49,1656.22,-43.6473,False
3ljb_2,-83.557530,-41.7596,-198.117,1323.34,-2.17453,False
3ljs_1,-96.993740,-56.9088,16.2708,1670.22,-43.3391,False
3lmb_1,-164.391060,-84.9793,-74.0843,2631.69,-64.5949,False
3lmn_8,-50.915700,-57.8013,115.96,3019.44,-16.3064,False
3lo3_3,-87.055140,-5.01594,-277.928,2551.01,-26.4536,False
3lp9_1,-93.871600,-33.8811,-249.423,1260.02,-10.1059,False
3lpm_1,-117.910600,-53.7761,-182.804,1730.43,-27.5737,False
3lqe_5,224.525300,213.738,43.4708,1421.79,2.09314,False
3lqn_1,-80.720500,-17.7483,-145.606,2625.67,-33.851,False
3lrq_1,-108.045620,-66.5232,-61.6896,1954.26,-29.1845,False
3lrq_2,-116.408360,-75.7738,-50.0533,1907.61,-30.6239,False
3ltv_1,-86.694840,-56.8011,-49.2867,1322.48,-20.0364,False
3lv9_1,-26.055510,-33.2841,70.4882,1895.6,-6.86905,False
3lwb_1,-121.204200,-45.2493,-308.266,1811.67,-14.3017,False
3lxy_1,-210.888500,-128.395,-214.454,2957.79,-39.6027,False
3lya_4,141.385180,151.695,38.9469,2624.95,-18.0992,False
3lyc_3,-71.310700,-65.9541,-116.401,1810.43,17.9236,False
3lyn_1,-81.402460,-33.9162,-84.2083,1850.32,-30.6446,False
3lyp_1,246.836400,336.05,-298.536,2092.68,-29.5064,False
3lza_1,-94.971300,-43.8447,-151.966,1521.32,-20.7334,False
3m45_2,-79.700264,-55.2292,-9.06282,1415.6,-22.6585,False
3m5b_1,-75.301460,-62.6767,-57.19,1614.18,-1.18676,False
3m5u_1,-223.845010,-143.693,-364.061,4002.94,-7.33981,False
3m7p_3,-215.116600,-139.815,-303.895,4022.88,-14.5226,False
3me4_1,-80.848600,-96.2808,14.853,2443.72,12.4616,False
3mg9_3,-72.279260,-52.1891,-74.3904,1928.33,-5.21208,False
3mgc_2,-220.657800,-150.123,-300.919,5218.58,-10.351,False
3ml6_3,-88.555240,-28.936,-26.1287,2665.47,-54.3935,False
3ml6_7,536.878580,510.98,-48.5396,2320.06,35.6065,False
3mlo_3,-104.940100,-50.956,-103.095,2129.2,-33.3651,False
3mlp_10,-122.380700,-29.9308,-297.024,3193.29,-33.0451,False
3mnd_1,-95.001860,-58.313,-84.2543,1456.82,-19.838,False
3mq4_1,-99.104600,-62.9595,-125.753,2044.59,-10.9945,False
3msq_6,-105.721760,-58.941,22.2282,2276.68,-51.2264,False
3mt5_4,-69.267280,-44.8402,-115.386,3679.47,-1.34988,False
3mux_1,-118.836030,-70.9301,-215.714,1818.58,-4.76313,False
3mxo_2,28.732166,72.265,-2.97067,1942.87,-42.9387,False
3n3m_1,-330.080800,-176.829,-494.492,4787.29,-54.3534,False
3n5c_1,-224.928300,-142.442,-148.799,2943.76,-52.7265,False
3n77_3,-137.692000,-61.9229,-214.599,1747.11,-32.8493,False
3nan_2,-44.717130,-22.4664,-159.63,894.884,9.67527,False
3nc1_5,-30.999400,-31.2758,-109.893,2154.64,22.255,False
3nfc_1,-62.531336,-46.1956,3.75632,1652.41,-17.087,False
3nib_1,-64.152500,-44.6363,-43.4565,1221.46,-10.8249,False
3nj2_1,-96.318140,-57.2095,-19.4682,1498.12,-35.215,False
3npc_2,-186.887000,-107.983,-178.123,2906.78,-43.2794,False
3nrd_1,-200.283000,-84.5588,-506.467,2695.9,-14.4308,False
3nuh_5,-103.610700,-44.6598,-462.19,2579.24,33.4871,False
3nur_2,-407.045600,-238.585,-200.813,4967.67,-128.298,False
3nyl_3,-38.148500,30.0065,-450.97,2413.91,22.039,False
3nyo_3,-96.938300,-79.103,-269.82,2628.98,36.1287,False
3nzp_2,-112.785220,8.26998,-548.629,2446.36,-11.3294,False
3nzr_2,-48.185720,-27.8661,-68.3551,1772.78,-6.6486,False
3o0m_1,-184.203330,-107.941,-331.366,2439.06,-9.98913,False
3o51_5,-170.580700,-84.9208,-220.357,3029.54,-41.5885,False
3o63_1,-92.139200,-61.3078,-225.384,1886.54,14.2454,False
3o77_2,-56.332070,-63.2853,13.6063,2974.45,4.23197,False
3o9s_1,-72.086700,-27.8003,-155.963,907.097,-13.0938,False
3oa4_1,-160.177700,-95.9413,-241.636,3240.89,-15.9092,False
3obh_1,-4.000900,52.7074,-108.737,1687.1,-34.9609,False
3oco_1,-132.982520,-71.0249,-10.8821,2131.64,-59.7812,False
3oet_2,-108.461240,-50.5988,-263.73,2320.78,-5.11644,False
3okt_4,-93.990350,-66.6145,-183.565,2613.02,9.33715,False
3ooo_1,-64.070180,-38.9147,-70.4374,856.212,-11.068,False
3opu_23,-47.942300,-65.2497,-160.74,2568.99,49.4554,False
3orr_1,-210.287200,-92.1589,-416.143,3320.27,-34.8997,False
3oxp_1,-77.686640,-55.1164,-17.6912,1816.31,-19.032,False
3oym_4,-86.182700,-49.1818,-265.146,1746.04,16.0283,False
3p0c_3,-125.165900,-50.5261,-139.345,1384.9,-46.7708,False
3p0u_1,18.523150,52.2452,-161.202,2653.61,-1.48165,False
3p27_1,-60.024500,-45.9568,-222.223,3013.14,30.3769,False
3p3d_2,-79.324028,-52.0723,-3.85014,1249.72,-26.4817,False
3p4y_1,-58.750000,28.482,-515.755,3198.22,15.919,False
3p9x_1,-70.360200,-47.3042,-57.957,1106.8,-11.4646,False
3pbb_5,-76.895970,-82.097,50.7851,2642.86,-4.95599,False
3pc6_1,-101.706300,-49.7031,-320.535,1262.76,12.1038,False
3pc7_1,-98.799900,-58.4208,-243.843,1646.41,8.3895,False
3pf9_1,-55.920170,11.3264,-312.036,2301.45,-4.83937,False
3pfy_4,-153.900600,-93.4987,-108.687,2113.17,-38.6645,False
3pim_1,-255.950400,-157.629,-198.675,2974.81,-58.5864,False
3pl2_2,-174.306600,-81.5562,-218.731,2061.87,-49.0042,False
3pm7_1,-74.715820,-46.5386,-90.6581,1952.09,-10.0456,False
3pnd_8,-142.596300,-123.865,-244.472,3578.07,30.1631,False
3ppe_1,-135.243340,-61.7712,-53.5867,2220.29,-62.7548,False
3ppl_1,-350.201500,-216.866,-509.467,4992.82,-31.4421,False
3pr8_1,-208.912600,-120.141,-310.296,3321.22,-26.7124,False
3prb_7,-76.451894,-61.5416,-78.8522,2564.32,0.860146,False
3pu7_1,-74.400460,-55.4137,-21.1548,1390.85,-14.7558,False
3pyi_1,-64.993980,-26.3135,-151.903,1495.56,-8.29988,False
3q1d_1,-83.829400,-48.5581,-119.416,1422.72,-11.3881,False
3q5m_5,-133.287500,-84.8147,-340.855,2485.18,19.6982,False
3q64_1,-135.777460,-97.0155,-202.072,2171.71,1.65244,False
3qat_3,-78.400440,-47.5243,-124.328,2027.73,-6.01054,False
3qb2_9,-174.414000,-96.7505,-142.283,3100.49,-49.2069,False
3qm2_1,-98.082090,-55.0492,-177.672,1917.85,-7.49849,False
3qq6_1,-52.958820,7.18758,-234.235,1111.93,-13.2994,False
3qwm_1,-97.056380,-33.661,-95.7069,2486.38,-44.254,False
3qxu_2,-75.865670,-46.5299,-162.649,1117.86,3.19403,False
3qyj_3,-126.630680,-88.1424,-19.8739,2230.43,-34.5135,False
3r03_1,-95.132660,-48.2696,-37.4658,1591.62,-39.3699,False
3r0n_1,-98.680240,-70.9611,-17.5237,1792.24,-24.2144,False
3r6m_1,-113.370180,-66.9341,-15.4514,1982.19,-43.3458,False
3r8c_1,-66.497460,-44.7702,-140.343,1585.71,6.34134,False
3r8e_1,-209.959500,-120.576,-368.435,2955.14,-15.6965,False
3r8k_1,-175.819700,-110.221,-217.921,2603.78,-22.0145,False
3rao_1,-60.878880,-63.2546,24.3892,1935.85,-2.50212,False
3rbg_2,-93.991100,-54.2697,-109.189,1608.86,-17.8836,False
3ret_7,-53.731859,-37.7743,-0.712794,1256.67,-15.815,False
3rjs_1,-78.150800,-39.2487,-129.378,2013.73,-13.0265,False
3rks_2,-88.890000,-71.0686,-70.6191,1830.65,-3.69758,False
3rmk_3,-54.712613,-43.0549,-56.9298,1614.36,-0.271753,False
3rny_3,-75.238580,-49.6113,-16.3724,1905.45,-22.3528,False
3ro8_19,-91.185390,-61.6405,6.44655,2119.26,-30.8342,False
3rob_1,-105.729800,-57.386,-112.777,1783.5,-25.7884,False
3rog_2,-42.164870,-8.92247,-234.842,1457.49,13.726,False
3ros_1,-307.402100,-191.871,-508.277,5704.05,-13.8757,False
3rpc_2,-117.019220,-54.3936,-331.63,1908.22,3.70038,False
3rri_2,-333.219900,-194.213,-413.874,4761.19,-56.2321,False
3rt0_1,-188.138800,-116.208,-414.271,2881.18,10.9234,False
3rt2_2,-106.321700,-49.9892,-193.212,2078.4,-17.6901,False
3rtl_6,1426.030503,1417.42,40.8912,819.709,0.432263,False
3rtr_20,-141.903440,-96.7568,-44.0742,2367.84,-36.3318,False
3s4r_7,-215.637300,-125.714,-360.406,3024.64,-17.8421,False
3sdp_1,2854.098400,2953.63,-223.148,1866.48,-54.902,False
3smd_2,-119.057900,-64.9753,-156.751,2072.16,-22.7324,False
3smt_4,-166.246900,-112.391,-119.95,3184.45,-29.8659,False
3sno_1,-117.311368,-60.8687,-7.48934,1586.62,-54.9448,False
3ssi_1,-47.311984,-32.9547,-68.6385,1735,-0.629584,False
3sti_6,-59.691080,-50.1072,31.5626,1550.15,-15.8964,False
3svk_1,-174.113710,-105.589,-311.936,2386.7,-6.13751,False
3t6n_4,-41.055420,-68.9426,23.9944,2628.7,23.0883,False
3t9y_1,-319.898570,-189.638,-605.101,5028.02,-9.24037,False
3tbo_1,-94.450688,-50.8625,-5.20644,1766.93,-42.5469,False
3teq_1,-104.239286,-57.2264,-2.94393,1793.03,-46.4241,False
3teq_3,-109.449118,-62.0651,-6.00209,1812.58,-46.1836,False
3ter_1,-88.815000,-66.0162,17.8735,1852.49,-26.3735,False
3tg8_4,-101.471200,-84.5262,-181.308,2250.52,19.3166,False
3tgo_11,-107.617500,-43.9737,-210.891,2888.52,-21.4656,False
3thn_1,-147.188600,-100.484,-154.14,4610.85,-15.8766,False
3tn4_1,-264.031000,-142.244,-463.855,3275.52,-29.016,False
3toe_1,6.707382,3.3834,7.54451,1499.18,1.81508,False
3tpe_4,-111.881800,-60.7299,-311.908,3116.92,11.2297,False
3tqj_1,-142.402900,-51.0443,-228.403,1929.49,-45.678,False
3tqu_2,-87.935400,-56.4131,-120.896,1717.07,-7.3431,False
3tr2_1,-198.837400,-118.312,-276.371,3423.55,-25.2512,False
3trc_1,-41.098330,-18.3667,-82.5653,1933.78,-6.21857,False
3tsw_4,-22.189900,-54.2699,108.447,2195.8,10.3906,False
3ty9_4,-155.340390,-75.1733,-448.001,2805.11,9.43311,False
3tzu_1,-43.392420,-41.8472,-47.2841,1285.96,7.9116,False
3u5v_1,-78.794380,-48.0777,-60.8954,2356.56,-18.5376,False
3u7i_2,-180.920000,-89.9854,-222.739,2518.6,-46.3868,False
3u80_1,-62.851290,-28.0168,-132.278,1311.87,-8.37889,False
3u8z_10,130133.906300,130077,232.84,2037.6,10.3383,False
3u8z_2,-317.003700,-228.072,-162.381,5587.66,-56.4555,False
3ucr_1,-66.787450,-54.7834,-39.4127,1214.1,-4.12151,False
3uen_5,-74.161600,-15.323,-414.6,2135.54,24.0814,False
3uf5_1,-97.411910,-61.2804,-174.697,1713.71,-1.19211,False
3ufe_1,-327.694400,-170.383,-359.563,5637.88,-85.3988,False
3uit_14,43.578660,63.4897,-138.36,2588.45,7.76096,False
3umc_2,-29.074050,23.2194,-245.963,1733.55,-3.10085,False
3uqz_1,-78.733440,-53.0325,-77.1837,1493.22,-10.2642,False
3uro_2,80.865260,129.263,-23.4687,1383.16,-43.704,False
3ut0_7,-51.486980,-56.4826,-43.5224,2203.8,13.7001,False
3v00_10,-47.845900,-34.8531,-44.3141,2547.02,-4.12998,False
3v0e_5,-178.355200,-103.217,-241.396,2640.34,-26.859,False
3v6n_1,-79.120410,-24.4217,-235.335,1342.82,-7.63171,False
3vdu_4,3.846270,36.9243,-188.031,2202.85,4.52817,False
3vh1_2,-119.771600,-37.4464,-341.699,2936.53,-13.9854,False
3vnf_2,-50.993280,-47.3334,-38.2783,1802.73,3.99578,False
3vx3_1,-132.708728,-74.9861,-291.336,2527.52,0.544572,False
3w64_1,-49.072470,-39.1241,-34.2448,781.584,-3.09941,False
3w66_1,20.918720,35.8483,-22.5314,846.808,-10.4233,False
3wbi_8,-16.668690,5.93551,-317.057,2991.77,40.8072,False
3wbj_2,45.714400,158.153,-809.74,2486.03,49.5094,False
3wbj_6,-113.901600,-40.0125,-413.108,2446.46,8.7325,False
3wgn_3,20.137100,15.5757,-122.301,1700.32,29.0216,False
3wkl_2,-83.559500,-70.6202,-138.24,2186.54,14.7087,False
3wnk_2,-97.818800,-97.3869,-197.12,2624.78,38.9921,False
3woa_1,-117.619500,-67.7859,-181.02,2327.83,-13.6296,False
3woi_1,-39.007100,-30.1346,-105.587,976.507,12.2449,False
3wpw_1,-112.478670,-61.5142,-224.132,1992.48,-6.13807,False
3wud_1,-46.669476,-29.0507,-83.8369,1123.8,-0.851396,False
3wxm_3,-38.065050,-41.6369,-17.6203,2188.69,7.09591,False
3zc9_1,-83.644880,-52.1185,-40.1094,1707.13,-23.5045,False
3zig_1,-51.208430,-42.5006,-13.6755,1819.08,-5.97273,False
3zl7_8,-51.835020,-83.1564,46.7874,2381.8,21.9639,False
3zpg_1,-232.919410,-181.4,-229.255,3843.4,-5.66841,False
3zrd_1,-91.609600,-55.1513,-141.787,1318.55,-8.1009,False
3zrt_1,-210.271706,-115.528,-475.767,2926.39,0.409694,False
3zyl_1,-147.601000,-73.9118,-136.458,2171.14,-46.3976,False
4a12_9,-97.174080,-107.106,-59.4809,3018.8,21.8281,False
4a56_1,-50.934500,-43.1855,-112.511,1204.8,14.7532,False
4a64_5,-129.215700,-88.4182,-153.042,2886.1,-10.1891,False
4a7p_1,-207.187600,-101.323,-214.15,4966.84,-63.0346,False
4aj7_1,-41.870500,-59.6252,147.307,1224.78,-11.7067,False
4aqf_9,10554.861400,10564.8,-252.903,3484.08,40.642,False
4aqt_3,118.751688,141.119,-5.08456,2924.94,-21.3504,False
4aw3_1,-42.787418,-56.3183,-0.830091,2239.51,13.6969,False
4axv_2,-42.509410,30.4365,-408.119,1767.74,8.67789,False
4ayg_2,25.900020,25.9695,-52.8484,2786.19,10.5002,False
4ayn_1,-183.773100,-84.2896,-391.186,2332.06,-21.2463,False
4b87_1,-92.351780,-59.1009,-147.734,2358.65,-3.70408,False
4bbr_39,13.231358,-4.30283,-5.95506,548.776,18.7252,False
4bkm_1,-163.803600,-98.4877,-105.147,3140.07,-44.2865,False
4bla_10,-7.231450,-4.19452,-64.8594,2198.88,9.93495,False
4bq8_3,-82.586220,-56.5522,-77.6351,2153.06,-10.507,False
4c0o_1,-81.486400,-64.6137,-140.191,2400.97,11.1655,False
4c0p_1,-143.070800,-90.2222,-436.739,3905.1,34.4992,False
4c0s_1,-119.189980,-135.391,-58.7079,4928.58,27.9426,False
4c5g_6,-55.699740,-59.9613,-93.3477,2177.01,22.9311,False
4c98_1,-114.638400,-69.2312,-147.089,1877.09,-15.9894,False
4ccf_7,-56.589520,-79.6286,55.8909,2148.77,11.8609,False
4cgr_1,-128.359400,-60.7687,-157.773,2082.83,-36.0361,False
4chl_1,-111.300200,-44.7454,-252.817,1739.55,-15.9914,False
4ckl_2,-61.708170,-17.2619,-184.12,2580.7,-7.62227,False
4ckm_2,-164.096800,-68.2683,-309.025,1823.36,-34.0235,False
4ckn_2,-181.638400,-86.3015,-151.924,2739.36,-64.9521,False
4cmp_11,-26.637620,-67.1362,43.5439,2647.51,31.7898,False
4cqo_2,-112.624090,-81.7657,-127.254,2498.28,-5.40759,False
4cqo_7,-156.165510,-108.299,-211.679,3378.47,-5.53071,False
4cyj_12,-50.982140,-25.3157,-167.871,2822.71,7.90776,False
4czm_1,70.667300,77.4826,-113.63,1799.85,15.9107,False
4czm_5,557.321800,582.008,-387.292,2249.46,52.7722,False
4d6y_1,-56.291724,-32.6267,-117.307,1210.01,-0.203624,False
4d94_2,-178.420000,-105.92,-316.007,3574.21,-9.2986,False
4d9o_1,-54.246030,-60.5188,35.0341,2063.83,-0.73405,False
4da4_1,-127.698100,-89.3088,-135.854,2830.21,-11.2185,False
4dez_3,-123.110540,-52.508,-375.029,2518.33,4.40326,False
4dj2_1,-123.230600,-62.7422,-25.8325,2166.63,-55.3219,False
4dj3_1,-129.267320,-65.4045,-50.9426,1892.29,-53.6743,False
4dkc_1,-103.020360,-60.6286,-54.3513,1341.33,-31.5215,False
4dmz_1,-123.793800,-72.8432,-212.785,2621.28,-8.3936,False
4dq0_1,-135.804200,-97.7343,-139.275,2863.16,-10.2149,False
4ds3_1,-57.371230,-46.4677,-46.2899,1470.87,-1.64555,False
4dsc_1,-104.819200,-43.1877,-123.389,2387.74,-36.9537,False
4du5_2,-82.959610,-21.283,-297.715,1865.6,-2.13361,False
4dup_1,-109.896760,-59.2929,-229.18,2225.15,-4.76786,False
4dvh_1,-174.470400,-67.1932,-407.526,1931.07,-25.772,False
4dyw_3,-150.600000,-88.1481,-123.688,2166.74,-37.7143,False
4e04_1,-172.550580,-104.158,-67.3474,2917.4,-54.9231,False
4e4j_2,-97.367480,-80.2127,-72.5292,2170.45,-2.64894,False
4e5y_1,-189.059700,-100.592,-197.194,2616.03,-49.0289,False
4e69_2,-129.731820,-85.2037,-37.7346,1777.47,-36.9812,False
4e86_14,-43.982700,-27.097,-42.9897,885.062,-8.28776,False
4e89_2,-149.719300,-83.7491,-143.331,2266.67,-37.304,False
4eht_1,-63.853580,-39.7777,-10.0469,948.927,-22.0665,False
4eib_6,-247.354900,-149.684,-311.748,3569.37,-35.3213,False
4emb_2,-74.476710,-53.096,-133.501,1328.46,5.31949,False
4eo9_1,-20.041600,51.3724,-293.349,1668.44,-12.7442,False
4epl_2,-135.069350,-78.2133,-274.51,2522.96,-1.95405,False
4eru_1,-105.018040,-63.5333,-78.5802,2696.18,-25.7687,False
4ese_1,-135.438600,-71.5119,-125.493,2312.95,-38.8281,False
4ex4_1,-74.659460,-67.9981,-86.2088,2304.12,10.5804,False
4exn_1,-108.993760,-59.1897,-92.6778,1324.9,-31.2685,False
4exo_1,-41.404030,-34.9323,-16.9262,1163.03,-3.08649,False
4exq_2,-143.934500,-90.3743,-195.724,2422.37,-14.4154,False
4f2n_2,-181.177000,-69.7331,-405.182,1804.61,-30.4075,False
4f7o_1,-53.980730,-41.6953,-22.6693,2112.1,-7.75157,False
4f7r_11,-222.860700,-142.844,24.889,3227.95,-84.9945,False
4f82_1,-115.766200,-63.9306,-96.596,1575.42,-32.5164,False
4fbi_1,-25.036100,22.2635,-106.303,1911.09,-26.039,False
4fdb_1,-169.248520,-125.327,-66.3756,2644.37,-30.6464,False
4fhl_2,-93.285990,-97.2896,11.9983,2741.38,1.60395,False
4flb_1,-74.657000,-67.4684,-122.065,1788.47,17.2244,False
4fn9_1,-73.974918,-29.3768,-6.81659,849.549,-43.2348,False
4fna_6,23.149400,29.5685,72.8645,3110.17,-20.992,False
4fqn_1,-127.493600,-64.8112,-255.831,2003.73,-11.5162,False
4fqu_5,-5.339764,11.1013,3.25468,1998.63,-17.092,False
4fr2_1,-148.005300,-110.499,-109.441,2850.48,-15.6181,False
4ft4_1,-169.539900,-53.5955,-445.266,3292.36,-26.8912,False
4fzp_1,-84.547760,-58.2653,-9.1823,2005.08,-24.446,False
4g0a_16,-178.293700,-104.584,-245.377,3401.53,-24.6343,False
4g0b_5,-33.105600,29.3124,-177.704,2766.14,-26.8772,False
4g1l_10,-128.728020,-67.0066,-258.62,2100.24,-9.99742,False
4g2e_1,-131.308120,-70.379,-69.6436,1840.48,-47.0004,False
4g37_4,-84.555942,-71.2756,-67.4022,1910.73,0.200098,False
4g3u_6,-115.716800,-82.1456,-130.39,2463.35,-7.4932,False
4g7n_1,-118.365200,-69.4843,-108.01,2632.3,-27.2789,False
4g8t_2,-152.991400,-102.972,-173.301,2552.76,-15.3592,False
4ga4_1,-51.479825,-26.2463,-126.812,3223.24,0.128875,False
4gc9_1,-187.003480,-114.044,-10.3164,3294.43,-70.8962,False
4gdy_11,-51.282730,-42.2944,-21.5921,1672.35,-4.66991,False
4gew_4,-263.711360,-63.9781,-994.073,5133.28,-0.91866,False
4gmg_11,-73.241540,-66.8258,-46.1789,2488.16,2.82004,False
4gmk_1,-127.183900,-82.6258,-127.048,2325.51,-19.1485,False
4gml_1,-85.800180,-43.6953,-66.2239,1957.83,-28.8601,False
4gtw_1,-113.970600,-99.6888,-250.105,3493.54,35.7392,False
4guz_5,-136.978600,-66.9219,-215.204,1943.6,-27.0159,False
4gvl_7,-56.552710,-40.4223,-45.1826,3330.33,-7.09389,False
4h2i_1,801.110300,852.888,-161.556,2735.62,-19.4665,False
4h6u_1,-328.565600,-217.993,-367.13,5294.92,-37.1466,False
4h6z_1,-70.190870,-4.22477,-125.023,2932.81,-40.9615,False
4hc1_28,-122.489066,-75.8992,-4.22533,3073.69,-45.7448,False
4hd0_5,-44.313400,-42.426,-97.287,1668.37,17.57,False
4hdg_1,-132.658500,-65.4382,-219.165,2868.17,-23.3873,False
4hf7_1,-103.635100,-35.542,-188.251,1625.79,-30.4429,False
4hhe_4,-225.362200,-90.3404,-562.212,4693.33,-22.5794,False
4hj1_6,-174.248300,-117.457,-121.3,3028.68,-32.5313,False
4hne_6,-227.297700,-74.6463,-473.259,2842.94,-57.9996,False
4hok_1,-123.024500,-79.0883,-155.916,2406.5,-12.753,False
4hwx_1,-92.498720,-62.5729,-127.684,1617.75,-4.38902,False
4i15_1,-59.099800,-40.9206,-142.78,1419,10.3768,False
4i1m_4,-162.315860,-106.403,-96.3063,2838.75,-36.6516,False
4i1t_1,-78.625700,-48.8653,-36.323,1770.76,-22.4958,False
4i24_3,-220.340500,-109.248,-325.011,3022.5,-46.0903,False
4i5q_1,-69.132910,-4.07781,-231.476,1941.55,-18.7599,False
4i6s_9,-211.924400,-87.5086,-329.216,2599.24,-58.5726,False
4i8c_13,11.214110,-24.7848,146.122,1942.31,6.77451,False
4ic3_1,-89.423540,-47.3707,-169.279,1856.99,-8.19704,False
4ikm_1,-60.821400,-52.6659,-155.173,1297.71,22.8791,False
4ina_1,-69.814560,-39.6321,-31.4683,1797.98,-23.8888,False
4iry_1,12.044700,56.0917,-126.713,2191.38,-18.7044,False
4iyp_5,-136.636820,-85.0518,-66.1271,2715.78,-38.3596,False
4iys_1,-150.956700,-85.2994,-145.557,3433.42,-36.5459,False
4j2p_1,-196.419900,-113.16,-193.602,3343.74,-44.5395,False
4j9a_11,-81.406040,-31.5554,-65.6212,1704.41,-36.7264,False
4jc8_1,-126.028940,-80.9363,-181.099,2902.85,-8.87284,False
4jdl_2,-25.350310,-27.069,48.8434,1596.81,-8.04999,False
4je1_1,-104.387400,-56.3368,-162.016,1539.57,-15.6474,False
4jp4_1,-163.510180,-81.983,-81.9339,2470.85,-65.1404,False
4ju5_1,-240.645200,-122.073,-101.569,3880.09,-98.2584,False
4jz2_1,-132.151500,-56.117,-131.185,1751.66,-49.7975,False
4k30_3,-75.478100,0,0,-999999,-75.4781,False
4k5s_1,27.832940,22.7922,-73.2668,2265.82,19.6941,False
4kcx_1,-58.514820,-49.5793,17.0124,1353.41,-12.338,False
4kgb_1,-316.108200,-181.658,-457.969,4355.3,-42.8564,False
4kkd_1,174.201000,187.97,-176.937,1922.95,21.6184,False
4kmd_4,-113.761340,-65.4201,-210.488,2762.57,-6.24364,False
4knh_1,-152.072360,-125.731,-179.542,3264.71,9.56704,False
4knh_4,14.815500,-33.4129,161.309,2000.89,15.9666,False
4kv9_1,-160.952400,-89.0327,-230.522,2000.96,-25.8153,False
4kvr_2,-124.658900,-36.3829,-545.266,1782.9,20.7772,False
4kxf_17,-147.289564,-94.2511,-262.311,4143.87,-0.576264,False
4kyx_1,-182.081260,-99.0332,-21.2208,2261.13,-78.8039,False
4l3q_1,-39.348400,-23.0525,-114.827,2152.09,6.6695,False
4l4w_9,-151.097700,-66.947,-318.036,2492.71,-20.5435,False
4l4z_1,-29.146290,-8.75154,-59.8851,1576.49,-8.41773,False
4l7e_1,-292.111990,-130.184,-769.492,4334.21,-8.02959,False
4l85_1,-58.849300,-48.3648,88.9725,1179.54,-28.279,False
4ld8_1,-97.406100,-68.7078,-90.1515,1667.27,-10.668,False
4ldb_4,27.060460,26.7234,61.0758,2578.28,-11.8781,False
4ldz_1,-109.177640,-87.5027,-132.615,1932.01,4.84806,False
4le0_1,-94.940624,-97.4124,9.62794,1732.92,0.546188,False
4lev_3,-99.046830,21.2549,-641.559,2609.02,8.01007,False
4lft_1,-23.686820,-34.8591,-27.4486,1037.28,16.662,False
4lhc_2,-56.711760,-112.77,49.8977,3140.53,46.0787,False
4lir_1,-59.017520,-34.9128,-36.9806,1061.67,-16.7086,False
4ljk_2,-125.082100,-65.5666,-179.984,1614.92,-23.5187,False
4lmf_6,-134.126558,-65.618,-9.52129,2003.73,-66.6043,False
4lo5_2,-63.058040,-58.8008,8.6542,2087.71,-5.98808,False
4low_1,-63.291340,-37.6747,-35.3697,1212.56,-18.5427,False
4lrw_1,-27.379770,-20.8477,-65.0876,794.803,6.48545,False
4lw8_1,-99.572400,-54.0609,-92.367,1457.04,-27.0381,False
4lza_1,-173.913700,-91.2906,-125.227,3203.89,-57.5777,False
4m58_1,-110.398750,-37.4,-326.641,3289.47,-7.67055,False
4mdh_1,-182.867300,-69.8755,-498.94,3330.28,-13.2038,False
4mei_1,-62.659180,-47.869,21.6471,1399.73,-19.1196,False
4mhr_2,-157.452520,-96.122,-41.6496,2106.69,-53.0006,False
4mko_2,-144.844000,-97.5679,-69.7115,2090.85,-33.3338,False
4mkq_1,-159.976780,-111.163,-74.7469,2376.06,-33.8644,False
4mmm_5,-113.857840,-60.389,-77.0982,1563.52,-38.0492,False
4mqb_1,-41.092300,-32.7396,-120.013,1099.22,15.6499,False
4muo_1,-134.435510,-111.398,-103.141,2263.13,-2.40931,False
4n3v_1,19.771200,73.4955,-143.496,2381.21,-25.0251,False
4n4a_3,-148.869800,-122.014,-189.734,2794.98,11.091,False
4nf1_4,-147.322300,-60.3423,-221.463,1415.02,-42.6874,False
4ngf_4,-148.674300,-29.9478,-660.639,2267.84,13.4013,False
4nif_2,-113.716740,-78.5314,-184,2208.13,1.61466,False
4nk0_2,-60.038840,-46.418,-14.6117,1232.51,-10.6985,False
4nld_3,-132.593700,-94.7828,-279.278,2708.79,18.0447,False
4nnz_2,-87.630510,-57.391,-127.086,2199.8,-4.82231,False
4npj_1,-102.785080,-108.819,-61.3589,3580.36,18.3057,False
4nqq_1,-17.483580,20.849,-31.5374,1777.79,-32.0251,False
4nsv_1,-14.541450,-15.852,19.5518,793.202,-2.59981,False
4nuq_1,-40.053720,-23.0688,87.0529,1617.09,-34.3955,False
4nvr_1,-148.557360,-72.3044,-63.0408,1823.13,-63.6448,False
4nwc_2,-93.154430,-40.965,-243.517,1588.95,-3.48603,False
4nxf_1,-61.183280,-33.4054,50.0721,1428.59,-37.7923,False
4nxw_2,-69.175700,-35.2013,-243.328,1654.09,14.6912,False
4nzj_2,-84.457000,-81.0354,-162.143,2917.8,29.007,False
4nzq_2,32.743980,41.9515,79.4894,2332.24,-25.1054,False
4nzv_1,-100.709526,-52.1876,5.61437,1511.33,-49.6448,False
4o03_1,812.015140,830.585,-100.839,2696.79,1.59794,False
4o1h_1,-31.149540,-22.469,-77.6611,1074.29,6.85168,False
4o1i_2,-3.694740,18.1916,-143.548,1496.83,6.82326,False
4o1r_2,-74.152400,-47.3179,-77.211,1156.87,-11.3923,False
4o1w_1,-71.796900,-43.4807,-200.858,1461.4,11.8554,False
4o67_1,8.371300,15.3017,-103.947,813.5,13.859,False
4o7v_1,-168.559980,-109.062,-99.0579,2387.61,-39.6864,False
4o9k_1,-108.745620,-72.8186,-226.005,2540.79,9.27398,False
4oar_3,37.849930,68.4087,-177.469,2437.86,4.93503,False
4ofd_1,90.736920,91.1701,-19.5266,1303.67,3.47214,False
4ohc_2,-134.129860,-108.703,-102.709,2281.53,-4.88506,False
4oie_1,-84.124440,-68.1609,-14.8412,1474.09,-12.9953,False
4oja_1,-63.712640,-47.9898,13.2018,1451.88,-18.3632,False
4oky_1,-102.227220,-50.3513,-77.1971,1802.85,-36.4365,False
4omv_1,-128.996360,-52.3792,-360.054,1835.1,-4.60636,False
4oph_1,-32.799420,-21.0718,49.2784,2488.91,-21.5833,False
4ov8_5,-18.693300,80.0966,-603.174,4195.87,21.8449,False
4p2l_1,-93.961781,-65.7086,-146.157,2488.33,0.978219,False
4p3o_5,603.320200,603.457,-127.958,2583.01,25.4548,False
4p3w_1,-168.561610,-76.8192,-467.654,2672.37,1.78839,False
4p52_2,-138.194100,-109.96,-2.989,2674.96,-27.6363,False
4p7o_1,-132.636750,-107.136,-85.9493,2505.81,-8.31089,False
4paa_1,-63.188400,-25.128,-407.799,2233.02,43.4994,False
4pbc_1,-697.937800,-438.578,-744.229,10337.6,-110.514,False
4pbe_1,-252.758400,-112.332,-481.708,2831.93,-44.0848,False
4pel_7,-18.792860,-37.7157,-89.2263,2708.21,36.7681,False
4pfe_1,-197.997110,-83.4274,-598.993,2750.06,5.22889,False
4ph6_1,-124.129100,-76.319,-15.0495,1963.73,-44.8002,False
4pln_1,1866.769370,1919.57,-307.034,2120.39,8.60617,False
4pob_1,-70.111298,-50.1401,6.64451,1140.78,-21.3001,False
4ppy_1,-136.417150,-72.9156,-277.487,2084.17,-8.00415,False
4pr3_1,-146.451700,-70.595,-184.303,2694.69,-38.9961,False
4pwz_1,-92.833840,-69.1813,-138.504,2211.46,4.04826,False
4pyz_1,-60.650200,-56.3718,-153.639,1942.22,26.4494,False
4pz8_4,-101.628456,-106.487,-8.32798,3381.98,6.52414,False
4pz9_1,-82.814040,-62.4185,-141.662,1621.78,7.93686,False
4pzk_1,-144.356760,-124.458,-22.5438,3293.76,-15.39,False
4q5y_1,43.621600,70.3626,-186.024,2611.07,10.4638,False
4q7e_1,-134.976470,-68.8657,-284.557,1692.79,-9.19937,False
4q7j_22,-63.233460,-53.4101,-89.1834,2102.4,8.01332,False
4q96_2,-241.754900,-134.755,-235.948,3265.37,-59.8103,False
4q97_1,-60.985095,-52.054,0.604724,2045.84,-9.05204,False
4q9a_1,-118.444380,-78.4479,-40.5109,1912.83,-31.8943,False
4qbo_1,563.553100,593.857,-21.5185,1793.55,-26.0002,False
4qdh_1,-99.943630,-71.924,-170.594,2894.71,6.09917,False
4qds_1,-85.461772,-76.1895,-7.76116,2032.65,-7.72004,False
4qf2_1,-79.138080,-57.5404,-28.9974,1452.93,-15.7982,False
4qf3_3,-87.394760,-58.1711,-47.6653,1648.39,-19.6906,False
4qgb_1,-20.957510,-5.92254,-29.8493,2910.87,-9.06511,False
4qhh_3,-163.012720,-85.1515,-98.9571,2584.86,-58.0698,False
4qhi_1,-166.766700,-87.6363,-176.516,2363.95,-43.8272,False
4qhj_1,-141.073178,-71.4651,-4.57439,2023.97,-68.6932,False
4qin_1,-127.991000,-76.6598,23.264,2775.62,-55.984,False
4qxw_1,-94.864670,-80.5997,-59.0674,1641.45,-2.45149,False
4ray_1,40.086300,129.845,-133.862,3233.72,-62.9863,False
4rb0_7,-94.077740,-74.086,-119.014,2271.83,3.81106,False
4rct_1,5.291100,63.6596,-209.947,3153.23,-16.3791,False
4re8_3,-103.656920,-46.4269,13.5499,1178.53,-59.94,False
4red_1,-217.089500,-71.1429,-346.295,4620.38,-76.6876,False
4red_8,-154.540660,-115.186,-168.695,3859,-5.61566,False
4rfp_1,-63.628239,-50.334,-63.4078,1637.13,-0.612679,False
4rly_3,-117.025560,-87.4874,-113.083,2674.56,-6.92156,False
4rmm_1,-89.800060,-55.7302,-94.5538,1836.38,-15.1591,False
4rnj_1,-61.362090,-28.1038,-142.116,1619.79,-4.83509,False
4rxj_2,-294.955400,-114.041,-486.41,3402.68,-83.6324,False
4rz0_1,-98.573900,-64.8886,-115.376,2038.89,-10.6101,False
4rzk_1,116.444300,165.249,-322.823,1102.72,15.7599,False
4s3m_1,-5.116780,6.91211,-54.9471,681.889,-1.03947,False
4tkx_3,-99.179500,-65.5738,-112.028,2069.34,-11.2001,False
4tkz_2,-201.028800,-105.486,-218.515,3130.9,-51.8398,False
4tmb_2,-78.041580,-56.9021,-99.5031,1686.25,-1.23886,False
4trt_1,-120.813450,-84.9719,-132.728,2199.25,-9.29595,False
4tse_1,-99.911590,-88.0176,-97.9392,2237.69,7.69385,False
4tt4_1,717.070059,746.788,-146.426,1209.08,-0.432741,False
4ttw_1,-65.114180,-37.3759,-124.021,1313.59,-2.93408,False
4twa_2,-12.638580,-16.2706,-66.5409,2776.38,16.9402,False
4u04_1,-114.847100,-83.0958,-56.0085,1807.79,-20.5496,False
4u59_2,-170.024800,-122.517,-664.407,8916.65,85.3736,False
4u5k_1,-208.330600,-127.158,-240.405,3011.83,-33.0916,False
4u66_5,-77.603064,-33.1766,-6.06782,2430.6,-43.2129,False
4u9o_3,-176.502140,-112.514,-62.6967,2729.98,-51.4488,False
4v07_1,-106.788120,-81.1064,63.5614,2608.89,-38.394,False
4w4j_5,-80.102240,-95.5712,59.2922,3075.47,3.61052,False
4w8c_6,-410.778600,-243.883,-235.843,5284.94,-119.727,False
4w8j_6,-200.584300,-113.16,-308.912,5902.32,-25.6419,False
4w8p_5,-175.036600,-106.039,-482.382,3459.07,27.4788,False
4whj_1,-132.078540,-82.2716,-85.5077,2108.27,-32.7054,False
4wlm_2,-156.641000,-89.7011,-66.7195,2521.61,-53.596,False
4wny_1,-123.345500,-79.1176,-118.614,2182.43,-20.5051,False
4wov_3,-80.898650,-49.213,-124.738,1280.62,-6.73805,False
4wph_1,-83.596500,-65.5862,-206.291,2753.83,23.2479,False
4wt0_1,-44.067484,-27.4099,0.871079,903.262,-16.8318,False
4wvr_2,-53.146210,-50.9975,-42.4886,1256.17,6.34901,False
4wwc_3,-69.531340,-71.9734,-79.3637,2307.1,18.3148,False
4wzh_4,-61.007878,-81.9421,6.77911,2189.9,19.5784,False
4x0r_1,-103.156880,-57.8797,-65.4509,2159.63,-32.187,False
4x94_4,-47.409360,-70.9888,17.6392,2022.51,20.0516,False
4xar_1,-107.444860,-75.3273,-92.6758,1860.72,-13.5824,False
4xas_1,-76.695350,-43.0293,-201.836,1510.93,6.70115,False
4xbd_3,-41.792306,-39.2172,5.67602,1002.7,-3.71031,False
4xea_1,-99.773300,-48.7305,-199.525,1778.6,-11.1378,False
4xss_5,-113.140600,-61.4899,-315.81,2329.94,11.5113,False
4xvv_1,-120.022500,-51.2964,-131.104,2148.25,-42.5053,False
4xws_2,-143.633300,-79.635,-25.004,2194.29,-58.9975,False
4y5u_1,-71.990060,-84.2525,-13.0668,2174.25,14.8758,False
4ye0_1,-47.377710,-39.3607,-37.0758,1262.8,-0.60185,False
4yet_1,-168.502700,-58.4972,-281.668,1861.74,-53.6719,False
4yh6_1,-82.668530,-98.7861,69.0971,4296.74,2.29815,False
4yiw_1,-108.611570,-61.6494,-226.571,1714.33,-1.64797,False
4yl6_4,-218.593900,-54.0838,-743.814,2491.36,-15.7473,False
4ytv_3,-68.529000,-26.0821,-144.923,2170.16,-13.4623,False
4yxf_1,-218.147420,-132.179,-393.161,3185.31,-7.33622,False
4yyy_1,-56.721460,-41.765,-19.8178,1452.62,-10.9929,False
4z8x_8,-20.053100,-56.3772,245.208,2441.35,-12.7175,False
4zai_4,-122.541600,-88.2989,-105.215,2085.61,-13.1997,False
4zch_5,-148.991000,-113.643,-325.894,3228.12,29.8308,False
4zdu_4,-46.948700,-27.4303,-308.193,2015.74,42.1202,False
4zhr_4,-173.769100,-83.2158,-775.086,2633.61,64.4639,False
4ziq_3,-253.602400,-165.657,-291.929,4879.11,-29.5596,False
4zlp_4,-130.174800,-57.3362,-264.132,2140.42,-20.0122,False
4zms_1,-97.385650,-67.38,-118.745,1528.1,-6.25665,False
4zmy_1,-32.530110,-2.42143,-49.2624,1437.75,-20.2562,False
4zng_1,-143.047700,-70.2584,-185.329,1933.99,-35.7235,False
4zqb_1,-80.527000,-29.8662,-332.68,1900.04,15.8752,False
4zrn_1,-170.816900,-73.3919,-385.29,2606.52,-20.367,False
4zwv_1,-348.600000,-201.933,-331.865,4801.79,-80.294,False
5a0j_1,-189.245200,-93.0841,-323.232,2551.81,-31.5147,False
5a1k_8,-33.393020,-51.0382,31.1494,3106.9,11.4153,False
5abr_1,-80.156460,-38.262,-28.0958,923.56,-36.2753,False
5afb_2,-164.913010,-112.456,-306.151,3176.65,8.77319,False
5afb_5,-117.582000,-112.303,-113.248,2594.28,17.3706,False
5ajn_3,803.210220,835.543,-50.6194,3279.76,-22.2089,False
5an1_5,-177.190600,-98.2797,-253.399,2344.25,-28.2311,False
5ayp_1,-236.047100,-153.256,-244.04,3983.68,-33.9831,False
5b1y_1,-179.225000,-115.895,-209.259,3265.77,-21.4782,False
5b3z_1,-58.915470,-34.2111,-97.2016,2179.66,-5.26405,False
5b7z_1,90.112800,115.832,-228.144,980.786,19.9096,False
5bqn_4,-105.101600,-98.7852,-336.471,3462.88,60.9778,False
5c04_1,-130.755260,-63.0079,-25.8528,1458.05,-62.5768,False
5c2x_1,-66.445520,-44.287,-92.0114,1271.62,-3.75624,False
5c3q_18,-98.834570,-67.2608,-184.997,2104.86,5.42563,False
5c6m_2,-75.079060,-47.1236,-84.1628,1226.6,-11.1229,False
5c9v_3,-56.565500,-35.0249,-163.807,2454.31,11.2208,False
5ca9_6,-76.412437,-46.3109,-146.149,2246.3,-0.871737,False
5cb2_3,4237.828200,4314.71,-468.95,5941.16,16.9082,False
5cho_3,-292.470200,-153.419,-210.927,4387.77,-96.8658,False
5cjj_1,-29.912220,-26.7543,-31.7043,1243.27,3.18294,False
5ckl_1,-87.921940,8.54148,-472.023,1600.01,-2.05882,False
5ckm_1,-133.180760,-63.0196,-46.9383,1991.19,-60.7735,False
5ckn_1,-64.237800,44.4819,-633.083,2360.71,17.8969,False
5coa_3,-131.607400,-68.5192,-210.22,2275.2,-21.0442,False
5col_1,-129.451060,-82.3927,-209.069,2408.1,-5.24456,False
5cow_2,75.602100,94.8392,-149.702,1810.81,10.7033,False
5crb_1,-65.941946,-56.8575,-2.35663,1920.74,-8.61312,False
5crc_1,476.716140,599.2,-70.6043,5612.43,-108.363,False
5cro_1,-73.104120,-39.9489,-35.3656,1344.15,-26.0821,False
5csa_6,-59.450500,-34.3031,-223.475,3801.38,19.5476,False
5d9g_2,-183.280700,-121.24,-243.506,3054.37,-13.3395,False
5dbl_1,-105.036900,-89.3327,-278.922,2739.8,40.0802,False
5dis_10,-91.371270,-67.7142,-146.455,2378.02,5.63393,False
5dqw_1,-201.759600,-114.029,-266.991,2361.45,-34.3324,False
5dra_1,-106.237480,-72.2331,-44.2444,1497.75,-25.1555,False
5dtm_1,-289.767600,-126.192,-649.352,3624.91,-33.7052,False
5dyk_2,-91.674800,-73.8897,-203.008,3108.02,22.8165,False
5dym_1,-195.262720,-93.2648,-98.6126,2463.19,-82.2754,False
5dyw_1,-69.068410,-44.2586,-172.137,1450.62,9.61759,False
5dzm_3,-374.909500,-227.111,-434.412,5673.79,-60.9161,False
5e5p_4,-214.070200,-140.737,-279.306,3566.08,-17.472,False
5e6m_3,58.289400,55.6345,-147.827,2455.35,32.2203,False
5eb9_1,-124.553140,-72.5045,-26.1992,1761.76,-46.8088,False
5edx_1,-160.366100,-88.1891,-112.172,2063.27,-49.7426,False
5eg8_1,-46.322940,-61.3196,-20.8617,2563.08,19.169,False
5eo6_1,-216.356000,-127.187,-347.88,2805.34,-19.593,False
5ep8_1,-113.866380,-68.2941,-14.4379,1634.42,-42.6847,False
5eq9_1,-148.569800,-81.9022,-125.793,2732.94,-41.509,False
5eqf_7,2390.342520,2349.23,70.5396,2231.96,27.0046,False
5ex9_2,-268.159200,-206.481,-192.476,6235.25,-23.183,False
5exv_1,25.317500,79.2621,-121.14,2145.47,-29.7166,False
5eyo_2,-100.312632,-67.2214,0.80584,3087.65,-33.2524,False
5f05_1,-202.720800,-114.098,-167.895,2647.75,-55.0438,False
5f3k_1,-204.459700,-134.177,-155.059,3347.26,-39.2709,False
5f5m_14,-81.318240,-78.9135,-94.2467,2504.94,16.4446,False
5f5m_2,-94.901050,-42.5976,-305.651,2526.51,8.82675,False
5f5r_2,-120.650000,-52.8685,-347.494,1877.55,1.7173,False
5f74_2,-37.180260,-64.5863,-26.9628,2183.45,32.7986,False
5feg_1,-60.226660,-39.3133,-23.7413,1364.97,-16.1651,False
5fgo_1,-183.389100,-46.2345,-384.918,3583.48,-60.171,False
5fjz_4,-118.239249,-87.1548,-153.697,2092.18,-0.345049,False
5fn0_6,-111.516800,-81.6032,-284.078,2922.9,26.902,False
5fom_2,-154.632600,-91.0005,-184.211,2517.04,-26.7899,False
5fub_1,-276.598000,-137.568,-174.735,3281.1,-104.083,False
5fuf_1,-134.544000,-53.7191,-324.609,2770.66,-15.9031,False
5gkx_4,-124.768000,-70.9302,-169.937,3627.08,-19.8504,False
5gmj_6,-153.790900,-80.7612,-168.933,2564.14,-39.2431,False
5gt9_1,209.262500,284.886,-294.867,3309.29,-16.6501,False
5gus_1,-34.486000,-35.2565,-150.228,2110.44,30.8161,False
5gx8_1,-80.797680,-100.236,22.9976,3341.93,14.8388,False
5gyr_7,-318.227500,-204.044,-149.886,5331.73,-84.2063,False
5gzu_1,-103.354500,-77.6588,-139.309,2442.55,2.1661,False
5h0i_1,-53.398920,-48.9101,-85.6451,1442.93,12.6402,False
5h13_1,-159.409740,-121.384,-60.9462,3329.01,-25.8365,False
5h23_1,-45.693280,-31.2258,-26.8528,853.349,-9.09692,False
5h5n_1,-117.681960,-73.7439,-199.664,2022.79,-4.00526,False
5h7z_5,103.662020,53.5564,14.7546,2839.83,47.1547,False
5hay_1,-129.508800,-84.3302,-304.808,3780.05,15.783,False
5hb0_7,-94.519980,-73.6111,22.2951,2771.06,-25.3679,False
5hb4_7,-95.019440,-14.994,-444.71,2050.7,8.91656,False
5hiz_1,-51.261850,-36.5447,-39.2589,1048.91,-6.86537,False
5hkl_1,-143.435400,-99.9183,-158.705,2178.74,-11.7761,False
5hm4_1,-85.009400,-50.0934,-117.084,1431.57,-11.4992,False
5hns_1,-213.939700,-112.265,-101.969,2833.39,-81.2809,False
5ho9_4,-60.381060,-71.3733,-17.6713,2116.28,14.5265,False
5hpj_1,-62.416850,-56.1031,-49.5042,1614.87,3.58709,False
5hpk_5,-16.669380,-18.7645,-81.9329,2202.07,18.4817,False
5hqw_1,-60.757460,-46.9127,-42.6041,1140.12,-5.32394,False
5hs8_1,-59.611206,0.573032,2.34381,2263.29,-60.653,False
5hsx_3,-82.637000,-35.75,-179.121,1305.41,-11.0628,False
5hu7_1,-55.658240,-40.5487,-52.3779,1145.83,-4.63396,False
5hxo_1,-117.261100,-33.9016,-122.821,3261.01,-58.7953,False
5i10_2,-93.451080,-51.8079,-60.4524,1569.36,-29.5527,False
5i4c_1,-85.150340,-49.4268,-27.0767,1014,-30.3082,False
5ie7_1,-85.556640,-48.9155,-46.9292,1289.87,-27.2553,False
5ifw_6,-120.942720,-81.4416,-154.256,2778.31,-8.64992,False
5ig8_1,-269.355600,-184.807,-297.788,4846.21,-24.991,False
5igh_2,-181.030670,-152.93,-133.01,4470.03,-1.49867,False
5igp_2,-174.176900,-112.584,-212.095,2678.16,-19.1739,False
5il5_1,-89.561540,-50.2559,-29.2157,984.483,-33.4625,False
5imt_6,-122.773500,-63.2132,-442.568,2782.56,28.9533,False
5iqw_2,-94.510600,-28.7641,15.233,2307.54,-68.7931,False
5iu2_1,-123.540900,-62.9411,-30.729,2513.61,-54.454,False
5iu9_1,-169.734300,-85.5888,-232.626,3552.32,-37.6203,False
5j1f_4,-88.573100,-43.3501,-345.149,1740.12,23.8068,False
5j6o_1,-63.630424,-39.3773,-5.98962,1306.78,-23.0552,False
5j7n_3,-2.795300,15.3747,-175.592,2682.44,16.9484,False
5j9c_1,-89.451820,-54.1905,-85.4916,1477.16,-18.163,False
5jgk_1,-59.667580,-79.3684,63.6657,2557.5,6.96768,False
5jk9_1,-104.037500,-43.6458,-342.941,1863.04,8.1965,False
5jrh_1,-72.549760,-78.752,-79.0348,2331.61,22.0092,False
5jsq_1,-255.074300,-139.948,-414.767,2980.89,-32.1729,False
5k2i_1,-78.953162,-40.2761,-1.36981,1174.34,-38.4031,False
5k4b_1,-65.520000,-30.578,-416.145,3455.31,48.287,False
5k5t_1,-189.157700,-140.992,-155.897,4931.87,-16.9863,False
5k93_1,2465.125100,2436.45,-107.708,2171.22,50.2167,False
5knl_11,9.224620,-4.07298,-19.923,796.599,17.2822,False
5kol_2,-126.413700,-79.4078,-121.175,1806.63,-22.7709,False
5ks7_1,-170.672430,-75.8568,-439.686,2465.75,-6.87843,False
5kvt_2,-66.121740,5.86613,-348.976,2731.72,-2.19267,False
5kyn_7,12.591210,15.5439,11.1707,1281.34,-5.18683,False
5kz6_1,-106.194560,-72.0481,-87.6273,2141.53,-16.621,False
5l40_2,-95.527100,-80.1696,-128.279,2487.65,10.2983,False
5l45_1,-38.980800,-27.4467,-137.365,3368.85,15.9389,False
5l6q_1,-106.148100,-44.5355,-142.729,1291.29,-33.0668,False
5l7d_1,-80.345800,-46.7069,-300.291,2288.11,26.4193,False
5l7n_1,-72.136200,-39.4721,-281.05,2129.96,23.5459,False
5lb8_1,-126.649800,-85.7573,-405.499,3171.2,40.2073,False
5lc1_5,-178.410340,-100.891,-345.484,2512.67,-8.42254,False
5lj8_3,-116.187000,-71.5144,-292.115,2236.31,13.7504,False
5llj_1,-68.396760,-34.373,1.4182,837.865,-34.3074,False
5lta_3,-110.770400,-57.6756,-380.484,2362.9,23.002,False
5lvz_1,-108.534200,-46.1571,-243.816,2049.27,-13.6139,False
5lx8_1,-147.949130,-110.013,-208.885,3433.99,3.84087,False
5m7q_3,-47.633820,-40.9973,-56.4613,1160.09,4.65574,False
5mat_1,-75.511000,-48.3223,-232.682,2004.83,19.3477,False
5mfa_3,-55.050360,-23.6491,-180.668,1922.45,4.73234,False
5mio_5,-171.799660,-119.419,45.4332,3882.8,-61.4673,False
5mja_1,-117.956030,-83.2073,-196.92,2474.48,4.63527,False
5mqh_4,-178.215300,-124.02,-380.296,4214.57,21.8639,False
5msn_1,47.638300,82.4454,-329.726,3767.39,31.1381,False
5mus_1,-418.794591,-186.419,-1164.64,6285.01,0.552409,False
5mwx_1,-62.583800,-35.7874,-162.652,1231.24,5.734,False
5mz4_7,-115.894290,-70.4921,-243.523,2835.77,3.30241,False
5mzo_2,-54.164489,-43.0379,0.404555,2315.85,-11.2075,False
5n69_1,3274.430650,3321.06,-192.729,2883.36,-8.08355,False
5n71_4,-131.167707,-108.07,-119.126,2682.71,0.727493,False
5n7l_1,-47.750366,-25.4129,-4.63033,980.168,-21.4114,False
5na8_5,-73.148660,-70.7966,-63.0598,2299.5,10.2599,False
5ncr_1,-77.735888,-45.9578,-7.74194,1333.91,-30.2297,False
5ncs_1,-101.001610,-86.0848,-59.6373,2827.45,-2.98935,False
5nfo_5,-61.505760,-68.3843,-42.7408,2656.46,15.4267,False
5nqz_11,-157.896350,-114.026,-260.028,3420.66,8.13525,False
5o8e_2,-118.920100,-82.7359,-270.807,3008.91,17.9772,False
5oj8_3,-167.705400,-91.7118,-315.51,2787.97,-12.8916,False
5omn_2,-133.882500,-90.0324,-115.177,2603.12,-20.8147,False
5onc_1,-260.228500,-173.877,-122.562,4279.57,-61.8391,False
5oym_13,-322.482600,-159.21,-347.567,4521.13,-93.7592,False
5p21_1,-81.170600,-75.1861,-160.087,1651.69,26.0329,False
5qsl_2,-58.199280,-56.8204,-25.1465,2107.89,3.65042,False
5svg_1,-134.841300,-57.6476,-126.939,2639.59,-51.8059,False
5sy4_1,-109.111190,-87.5417,-79.275,2754.78,-5.71449,False
5t93_1,-99.773780,-39.7576,-48.7059,1203.63,-50.275,False
5t9f_1,-33.198310,-26.3507,-77.4811,722.952,8.64861,False
5tc2_1,-62.143260,-31.1162,-73.2993,855.618,-16.3672,False
5tdq_2,-87.232688,-57.5394,-4.46894,1299.53,-28.7995,False
5trb_1,-84.189300,-20.0215,-169.483,1843.57,-30.2712,False
5tus_3,-96.775900,-23.3371,-268.48,3054.18,-19.7428,False
5u0i_1,-158.419200,-74.1362,-171.817,1643.92,-49.9196,False
5u0k_4,-136.267300,-57.6372,-182.62,1813.67,-42.1061,False
5uig_4,-153.641900,-21.2719,-145.84,2946.35,-103.202,False
5ujf_2,-48.869380,-56.5245,-14.7174,1099.78,10.5986,False
5ume_2,-161.451930,-83.3088,-357.597,2324.76,-6.62373,False
5uos_1,-92.877780,-75.1731,-13.5994,2124.38,-14.9848,False
5uqm_2,229.279500,139.812,179.26,2170.22,53.6155,False
5uvc_5,-114.034600,-65.9395,-321.316,2540.83,16.1681,False
5uzx_1,-59.580300,-42.5517,-158.064,1059.73,14.5842,False
5v01_1,-89.351460,-61.8695,-61.6873,1761.03,-15.1445,False
5v38_7,161.798920,199.514,-175.762,2284.24,-2.56268,False
5vcp_1,-118.742600,-50.2348,-100.125,1572.16,-48.4828,False
5vdf_4,-13.142020,-33.0114,65.6324,820.187,6.7429,False
5vkt_2,-157.235300,-110.868,-126.913,2536.64,-20.9847,False
5vm1_5,-194.530100,-113.405,-211.052,2300.73,-38.9147,False
5vm4_4,-61.201220,-40.8341,-31.6056,1197.86,-14.046,False
5vm9_1,-30.463100,-17.4454,-137.106,2716.19,14.4035,False
5vsc_1,-154.234100,-92.0689,-177.511,2289.24,-26.663,False
5vxa_3,-154.560080,-87.319,-369.569,2356.56,6.67272,False
5w5i_6,-81.286470,-69.3639,-78.855,2239.58,3.84843,False
5wdi_2,-99.863990,-62.7739,-163.137,1723.02,-4.46269,False
5wly_5,-155.755920,-93.677,-270.805,2630.15,-7.91792,False
5wme_4,-169.848700,-76.3577,-112.508,2808.69,-70.9894,False
5wme_5,-111.461100,-76.9042,-214.096,2170.5,8.2623,False
5wof_13,-163.396540,-114.758,-68.3352,2485.34,-34.9715,False
5wqi_2,-151.150990,-70.0236,-366.823,2285.66,-7.76279,False
5wtx_4,-96.405300,-87.1922,-154.754,2986.54,21.7377,False
5wyg_1,-115.211333,-81.2893,-169.495,2030.74,-2.303335E-02,False
5x9i_1,-127.816880,-103.724,-18.7969,2781.08,-20.3335,False
5xbi_1,-111.059200,-72.4319,-54.3445,2218.47,-27.7584,False
5xfl_2,-27.672300,86.9923,-888.568,2543.25,63.049,False
5xo7_1,-85.699340,-49.7827,-61.8342,1312.16,-23.5498,False
5xpu_3,-127.355010,-7.48031,-387.793,6399.4,-42.3161,False
5xq1_1,238.347400,378.063,-442.557,4691.13,-51.2042,False
5xwe_1,-71.708420,-48.0559,-73.0889,1144.33,-9.03474,False
5xwm_1,-124.403220,-81.037,-24.1321,2963.34,-38.5398,False
5xwm_3,-6.848900,34.8299,-347.652,2448.94,27.8516,False
5xwz_2,-67.143600,-32.4609,-73.085,1252.81,-20.0657,False
5xzw_7,-14.822700,-13.9697,-237.073,2671.21,46.5616,False
5y2f_2,-28.821500,-38.1627,-13.62,2000.79,12.0652,False
5y3e_2,-96.898200,-45.209,-189.381,1775.86,-13.813,False
5y4s_6,235.034870,227.903,17.9748,3504.11,3.53691,False
5y4t_1,-49.454530,-31.3388,-54.5816,1190.7,-7.19941,False
5y5w_17,-343.574400,-175.131,-438.589,4274.39,-80.7256,False
5y5w_3,-184.403000,-91.5418,-297.916,2905.59,-33.278,False
5y9h_4,-75.968120,-74.5782,-72.5656,2023.76,13.1232,False
5y9h_6,-138.853880,-73.7795,-304.508,3433.27,-4.17278,False
5yfn_4,-167.703500,-96.1577,-190.53,2827.41,-33.4398,False
5ygs_6,-92.749560,-90.544,72.5807,2878.77,-16.7217,False
5yii_1,8255.492700,8269.54,127.938,2675.2,-39.6349,False
5yii_2,8562.474900,8573.88,139.464,2675.34,-39.2979,False
5yij_13,112126.753500,112156,-313.679,3681.96,33.4893,False
5yij_5,18.393830,20.1246,-45.6526,392.48,7.39975,False
5yik_15,-24.990360,-37.1054,53.3546,1225.03,1.44412,False
5yim_2,44.106790,153.747,-506.923,5203.11,-8.25561,False
5yp1_3,-67.781300,-38.9512,-289.976,3011.84,29.1651,False
5yrg_1,-71.763950,-50.2377,-92.5048,1261.79,-3.02529,False
5ytb_12,6.692030,2.80405,5.4116,150.444,2.80566,False
5z0y_1,-74.762100,-42.4628,-110.618,1418.19,-10.1757,False
5z70_2,-92.929820,-36.7752,-33.6361,1585.81,-49.4274,False
5zhq_1,-174.809720,-80.1546,-443.302,2965.71,-5.99472,False
5zln_1,-192.354800,-111.018,-351.297,4057.77,-11.0774,False
5zmd_1,19.506030,-27.0179,190.467,2294.92,8.43053,False
5znd_3,-124.733560,-79.2438,-65.0863,2751.43,-32.4725,False
5ztf_1,104.278800,128.361,-201.686,2230.63,16.255,False
5zw3_1,-160.945440,-119.65,-83.9152,3799.75,-24.5124,False
5zyo_2,-567.798300,-327.998,-867.539,9530.96,-66.2925,False
6a16_5,-201.752700,-123.701,-128.498,2585.99,-52.3521,False
6a17_1,-174.498320,-83.806,-32.7111,2453.62,-84.1501,False
6a1z_5,-180.585900,-62.3744,-772.553,3263.66,36.2991,False
6aeg_3,149.645666,147.223,-7.32242,1919.46,3.88715,False
6aob_1,-98.840480,-66.8999,-113.301,2560.51,-9.28038,False
6ar4_1,-30.038720,-26.5215,31.69,902.196,-9.85522,False
6as7_3,274.443700,240.078,108.86,3155.45,12.5937,False
6auj_1,-289.067400,-153.784,-506.147,4370.62,-34.054,False
6azh_1,-295.421200,-188.442,-362.772,4862.58,-34.4248,False
6b5q_7,0.563360,-37.3929,56.0288,2187.73,26.7505,False
6b72_1,-159.055200,-43.6906,-358.972,2208.41,-43.5702,False
6bb8_2,-46.301830,-28.7597,-51.4249,5496.53,-7.25715,False
6beb_5,-158.851760,-137.656,-74.9638,3059.67,-6.203,False
6bi7_21,-124.869700,-71.1355,-383.755,2994.19,23.0168,False
6bm9_1,-463.681400,-302.739,-289.712,7002.99,-103,False
6bnc_1,-153.334100,-79.8462,-464.271,2520.64,19.3663,False
6bui_11,-30.760448,-62.8809,-0.49074,2353.04,32.2186,False
6bwy_1,1055.451000,1081.76,-211.724,2461.08,16.0358,False
6cf6_1,-275.503300,-181.016,-148.323,4213.74,-64.8227,False
6cgb_1,-121.122060,-46.7297,43.5482,2613.79,-83.102,False
6cjs_3,-191.655220,-117.35,-41.1101,2533.98,-66.0832,False
6d2s_6,-95.376225,-71.9495,-114.225,2119.82,-0.581725,False
6d3l_1,538.456090,555.522,-90.8038,2588.64,1.09485,False
6d9m_4,112.649200,195.631,-519.03,2482.69,20.8242,False
6dd5_1,-87.662270,-61.0026,-182.382,2900.35,9.81673,False
6dfk_9,-77.357900,-51.4317,-204.677,2310.06,15.0092,False
6dkk_1,-353.999600,-255.194,-226.182,5398.17,-53.5692,False
6dkk_6,-107.819800,-102.446,52.0135,3338.28,-15.7765,False
6eet_1,4073.678200,4109.46,-262.155,2663.51,16.6492,False
6ehg_10,-6.178962,-4.79867,-1.36231,159.921,-1.10783,False
6eku_2,-130.594600,-100.266,-282.306,3876.61,26.1326,False
6emt_1,-60.812390,-36.1322,-161.322,2442.19,7.58421,False
6eng_3,-157.787800,-103.011,-329.543,3308.48,11.1318,False
6epp_2,-34.700740,-50.1036,12.1393,3056.83,12.975,False
6ewi_3,-152.970600,-82.9751,-208.829,2672.67,-28.2297,False
6f1k_1,-130.378727,-76.1855,-268.369,2267.49,-0.519427,False
6f6p_1,-136.127900,-74.3001,-153.439,2730.84,-31.14,False
6fb3_1,-80.512500,-62.5824,-145.823,2043.32,11.2345,False
6fhm_1,-502.417500,-376.32,-421.837,7998.64,-41.7301,False
6fju_1,-192.194200,-100.514,-120.813,2696.89,-67.5176,False
6fjv_2,-74.227520,-73.5123,91.2619,2168.96,-18.9676,False
6fnz_4,-316.488100,-172.025,-291.006,4216.99,-86.2619,False
6fpt_1,-169.097340,-76.8658,-417.356,3030.47,-8.76034,False
6fwt_2,-45.111630,-5.97923,-171.273,1666.3,-4.8778,False
6g16_10,-324.410100,-187.123,-789.744,4460.72,20.6617,False
6g20_4,-138.946400,-14.6065,-481.814,3353.54,-27.9771,False
6g5g_11,13.121240,-2.26081,58.8688,108.833,3.60829,False
6g88_1,-50.641500,-77.4543,-125.922,3959.56,51.9972,False
6g8t_3,-76.215250,-52.3167,-148.749,2095.8,5.85125,False
6gc9_1,-123.289360,-93.9346,-62.1128,2310.98,-16.9322,False
6gfk_3,-207.271270,-139.389,-302.475,3449.13,-7.38727,False
6gjq_3,-70.973000,11.3777,-197.155,2002.21,-42.9197,False
6gsu_1,-205.942900,-102.686,-341.716,2679.04,-34.9137,False
6gv1_7,-85.943860,-62.2801,63.9182,2456.58,-36.4474,False
6gzc_3,-130.583500,-78.1408,-178.437,3187.58,-16.7553,False
6h3s_1,-72.141650,-62.4988,-65.784,2783.63,3.51395,False
6h3u_14,-77.838880,-64.81,-19.5708,2180.59,-9.11472,False
6h4h_10,-77.971360,-69.7022,-89.2816,2236.65,9.58716,False
6h97_3,82.768860,86.0208,-45.9306,2473.88,5.93418,False
6hkw_16,-155.534700,-92.0384,-160.738,3204.01,-31.3487,False
6hzl_2,-128.969500,-72.7434,-415.724,3250.49,26.9187,False
6i04_3,-124.099600,-90.3795,-119.678,2931.13,-9.7845,False
6i3j_3,-29.584730,-45.7194,74.8322,1893.91,1.16823,False
6i7k_1,-142.237940,-90.8202,-267.685,2268.63,2.11926,False
6i97_1,-133.686880,-128.354,-80.3014,3706.58,10.7274,False
6ii0_11,-88.533100,-81.3878,-160.092,2371.87,24.8731,False
6ii0_6,-386.442400,-225.304,-544.686,7317.07,-52.2012,False
6ii0_7,-158.086000,-112.288,-169.091,2877.01,-11.9798,False
6iii_1,18.281800,60.3304,-116.288,3604.76,-18.791,False
6iny_1,-157.124200,-98.1269,-233.208,3527.57,-12.3557,False
6j09_4,-142.874900,-76.6014,-202.263,2618.48,-25.8209,False
6j09_5,880.616800,875.631,-191.765,2900.26,43.3388,False
6j20_3,-101.391020,-100.922,-67.9046,2886,13.1119,False
6jdu_3,-140.912400,-109.387,-67.54,3630.66,-18.0174,False
6jj4_4,-152.770160,-86.1856,-360.618,2913.21,5.53904,False
6jod_12,18.594400,-51.8212,231.793,2654.43,24.057,False
6jol_2,-91.319120,-69.8745,-35.5911,2105.2,-14.3264,False
6jsd_1,-498.239800,-302.036,-475.924,7014.13,-101.019,False
6jtz_1,134.656020,190.153,-313.153,3333.79,7.13362,False
6k4p_3,-14.754970,-10.4115,-47.7675,919.48,5.21003,False
6k6n_1,-76.448570,-46.0836,-140.622,2692.92,-2.24057,False
6kc6_7,-87.877600,-37.4542,-381.682,1505.32,25.913,False
6lnp_1,-59.349540,-33.4832,-148.289,2211,3.79146,False
6mac_5,-148.495400,-61.7257,-227.697,2293.07,-41.2303,False
6mav_7,-74.874620,-73.9298,54.5694,1774.43,-11.8587,False
6mxd_2,-101.824763,-78.4892,-118.066,2158.59,0.277637,False
6n5z_1,-169.332300,-107.52,-111.546,2689.77,-39.5031,False
6nc7_1,-132.820600,-98.4913,-207.143,2749.55,7.0993,False
6nfl_3,-77.070940,-57.657,-125.65,1708.13,5.71606,False
6np6_5,-198.859500,-138.946,-142.336,4107.17,-31.4463,False
6o8b_4,-24.225181,-29.1632,29.2747,911.205,-0.916921,False
6o9q_5,-82.251800,-63.1785,-221.236,2553.71,25.1739,False
6orf_1,-69.879800,-47.8441,-167.922,2136.16,11.5487,False
6otn_2,-131.340700,-41.0398,-642.622,2055.61,38.2235,False
6p40_1,-271.527600,-111.125,-378.034,3722.25,-84.7958,False
6pkc_4,-128.727580,-92.6445,-83.3364,2211.22,-19.4158,False
6pqn_5,5925.015400,5981,-37.6105,3892.18,-48.4625,False
6qgs_17,-131.439640,-97.3782,-74.7542,2077.51,-19.1106,False
6qpp_2,-26.724400,-28.8445,20.3976,1240.29,-1.95942,False
6qq2_2,-129.683920,-63.1043,-348.438,2296.28,3.10798,False
6qsn_1,-157.336490,-94.3141,-320.983,4574.65,1.17421,False
6qu4_11,-52.352700,-76.0204,-13.6605,2291.41,26.3998,False
6qzh_3,-113.892600,-71.7797,-316.074,2329.56,21.1019,False
6r2f_1,-124.267860,-93.8071,22.6377,2950.3,-34.9883,False
6r2s_8,-117.304230,-78.9515,-220.874,2171.36,5.82207,False
6r80_2,-157.015500,-45.5558,-232.131,3330.24,-65.0335,False
6rp3_5,-73.202470,-49.0034,-157.747,2218.57,7.35033,False
6rrc_4,-140.668940,-98.1026,-96.5187,3743.82,-23.2626,False
6s1l_5,-141.071730,-88.8917,-249.156,2439.56,-2.34883,False
6tfq_4,-39.181000,-71.1794,107.551,2474.56,10.4882,False
6tka_4,-137.694240,-121.518,-127.406,3424.64,9.30496,False
6txq_3,-90.887300,-39.1939,-416.285,2496.66,31.5636,False
6ucm_16,-96.734080,-56.9895,-156.24,2624.03,-8.49658,False
6vdd_2,1170184.573600,1.170208E+06,-340.428,2134.32,44.6592,False
6vjb_4,-28.016300,-29.498,-100.009,1007.16,21.4835,False
6w25_2,-158.519420,-110.71,-97.4866,2998.12,-28.3121,False
6wrh_3,-55.276870,-31.905,-106.092,3078.71,-2.15347,False
8jdw_1,-43.605800,-38.4283,-103.92,1178.82,15.6065,False
